buying_format,category,item_custom_info,item_url,thumbnail_url,title
sale,"{'cat1_name': 'Farming', 'cat1_id': 'Farming', 'cat2_name': 'Tractor', 'cat2_id': 'Tractor', 'cat3_name': 'Farm Tractor', 'cat3_id': 'Farm Tractor'}",{'desc': ''},https://www.agriaffaires.us/used/farm-tractors/41212246/caterpillar-ch65d.html,//d22dk94hfc1k6q.cloudfront.net/none/220-160/223938/41212246/41212246_1616802373_681.jpg,Caterpillar CH65D
sale,"{'cat1_name': 'Farming', 'cat1_id': 'Farming', 'cat2_name': 'Tractor', 'cat2_id': 'Tractor', 'cat3_name': 'Farm Tractor', 'cat3_id': 'Farm Tractor'}",{'desc': ''},https://www.agriaffaires.us/new/farm-tractors/40888189/john-deere-9570r.html,//d22dk94hfc1k6q.cloudfront.net/none/220-160/346565/40888189/40888189_1616802562_944.jpg,John Deere 9570R
sale,"{'cat1_name': 'Farming', 'cat1_id': 'Farming', 'cat2_name': 'Tractor', 'cat2_id': 'Tractor', 'cat3_name': 'Farm Tractor', 'cat3_id': 'Farm Tractor'}",{'desc': ''},https://www.agriaffaires.us/used/farm-tractors/41212331/new-holland-t8-390.html,//d22dk94hfc1k6q.cloudfront.net/none/220-160/497378/41212331/41212331_1616803495_424.jpg,New Holland T8.390
sale,"{'cat1_name': 'Farming', 'cat1_id': 'Farming', 'cat2_name': 'Tractor', 'cat2_id': 'Tractor', 'cat3_name': 'Farm Tractor', 'cat3_id': 'Farm Tractor'}",{'desc': ''},https://www.agriaffaires.us/used/farm-tractors/41212917/john-deere-7230r.html,//d22dk94hfc1k6q.cloudfront.net/none/220-160/618064/41212917/41212917_1616826771_287.jpg,John Deere 7230R
sale,"{'cat1_name': 'Farming', 'cat1_id': 'Farming', 'cat2_name': 'Tractor', 'cat2_id': 'Tractor', 'cat3_name': 'Farm Tractor', 'cat3_id': 'Farm Tractor'}",{'desc': ''},https://www.agriaffaires.us/used/farm-tractors/41212286/case-ih-7130.html,,Case IH 7130
sale,"{'cat1_name': 'Farming', 'cat1_id': 'Farming', 'cat2_name': 'Tractor', 'cat2_id': 'Tractor', 'cat3_name': 'Farm Tractor', 'cat3_id': 'Farm Tractor'}",{'desc': ''},https://www.agriaffaires.us/used/farm-tractors/41212292/case-ih-7240.html,,Case IH 7240
sale,"{'cat1_name': 'Farming', 'cat1_id': 'Farming', 'cat2_name': 'Tractor', 'cat2_id': 'Tractor', 'cat3_name': 'Farm Tractor', 'cat3_id': 'Farm Tractor'}",{'desc': ''},https://www.agriaffaires.us/used/farm-tractors/41212287/case-ih-mx270.html,,Case IH MX270
sale,"{'cat1_name': 'Farming', 'cat1_id': 'Farming', 'cat2_name': 'Tractor', 'cat2_id': 'Tractor', 'cat3_name': 'Farm Tractor', 'cat3_id': 'Farm Tractor'}",{'desc': ''},https://www.agriaffaires.us/used/farm-tractors/41212289/case-ih-dx40.html,,Case IH DX40
sale,"{'cat1_name': 'Farming', 'cat1_id': 'Farming', 'cat2_name': 'Tractor', 'cat2_id': 'Tractor', 'cat3_name': 'Farm Tractor', 'cat3_id': 'Farm Tractor'}",{'desc': ''},https://www.agriaffaires.us/new/farm-tractors/41209530/kubota-l2501hst.html,//d22dk94hfc1k6q.cloudfront.net/none/220-160/227841/41209530/41209530_1616716008_454.jpg,Kubota L2501HST
sale,"{'cat1_name': 'Farming', 'cat1_id': 'Farming', 'cat2_name': 'Tractor', 'cat2_id': 'Tractor', 'cat3_name': 'Farm Tractor', 'cat3_id': 'Farm Tractor'}",{'desc': ''},https://www.agriaffaires.us/used/farm-tractors/41209590/new-holland-t7-260.html,//d22dk94hfc1k6q.cloudfront.net/none/220-160/318385/41209590/41209590_1616802794_538.jpg,New Holland T7.260
sale,"{'cat1_name': 'Farming', 'cat1_id': 'Farming', 'cat2_name': 'Tractor', 'cat2_id': 'Tractor', 'cat3_name': 'Farm Tractor', 'cat3_id': 'Farm Tractor'}",{'desc': ''},https://www.agriaffaires.us/used/farm-tractors/41209573/case-ih-mx245.html,,Case IH MX245
sale,"{'cat1_name': 'Farming', 'cat1_id': 'Farming', 'cat2_name': 'Tractor', 'cat2_id': 'Tractor', 'cat3_name': 'Farm Tractor', 'cat3_id': 'Farm Tractor'}",{'desc': ''},https://www.agriaffaires.us/used/farm-tractors/41209571/john-deere-9510r.html,//d22dk94hfc1k6q.cloudfront.net/none/220-160/318385/41209571/41209571_1616802790_897.jpg,John Deere 9510R
sale,"{'cat1_name': 'Farming', 'cat1_id': 'Farming', 'cat2_name': 'Tractor', 'cat2_id': 'Tractor', 'cat3_name': 'Farm Tractor', 'cat3_id': 'Farm Tractor'}",{'desc': ''},https://www.agriaffaires.us/used/farm-tractors/41209584/case-ih-8920.html,,Case IH 8920
sale,"{'cat1_name': 'Farming', 'cat1_id': 'Farming', 'cat2_name': 'Tractor', 'cat2_id': 'Tractor', 'cat3_name': 'Farm Tractor', 'cat3_id': 'Farm Tractor'}",{'desc': ''},https://www.agriaffaires.us/used/farm-tractors/41209581/case-ih-mx255.html,,Case IH MX255
sale,"{'cat1_name': 'Farming', 'cat1_id': 'Farming', 'cat2_name': 'Tractor', 'cat2_id': 'Tractor', 'cat3_name': 'Farm Tractor', 'cat3_id': 'Farm Tractor'}",{'desc': ''},https://www.agriaffaires.us/new/farm-tractors/41209562/case-ih-magnum-380-cvt.html,,Case IH MAGNUM 380 CVT
sale,"{'cat1_name': 'Farming', 'cat1_id': 'Farming', 'cat2_name': 'Tractor', 'cat2_id': 'Tractor', 'cat3_name': 'Farm Tractor', 'cat3_id': 'Farm Tractor'}",{'desc': ''},https://www.agriaffaires.us/used/farm-tractors/41210121/case-ih-2013-case-ih-steiger-550-quadtrac-steiger-550-quadtrac.html,//d22dk94hfc1k6q.cloudfront.net/none/220-160/399913/41210121/41210121_1616828994_743.jpg,Case IH 2013 CASE IH STEIGER 550 QUADTRAC STEIGER 550 QUADTRAC
sale,"{'cat1_name': 'Farming', 'cat1_id': 'Farming', 'cat2_name': 'Tractor', 'cat2_id': 'Tractor', 'cat3_name': 'Farm Tractor', 'cat3_id': 'Farm Tractor'}",{'desc': ''},https://www.agriaffaires.us/used/farm-tractors/41209645/new-holland-t4-75.html,//d22dk94hfc1k6q.cloudfront.net/none/220-160/489905/41209645/41209645_1616717093_374.jpg,New Holland T4.75
sale,"{'cat1_name': 'Farming', 'cat1_id': 'Farming', 'cat2_name': 'Tractor', 'cat2_id': 'Tractor', 'cat3_name': 'Farm Tractor', 'cat3_id': 'Farm Tractor'}",{'desc': ''},https://www.agriaffaires.us/used/farm-tractors/41209647/new-holland-ts100.html,//d22dk94hfc1k6q.cloudfront.net/none/220-160/489905/41209647/41209647_1616717106_2.jpg,New Holland TS100
sale,"{'cat1_name': 'Farming', 'cat1_id': 'Farming', 'cat2_name': 'Tractor', 'cat2_id': 'Tractor', 'cat3_name': 'Farm Tractor', 'cat3_id': 'Farm Tractor'}",{'desc': ''},https://www.agriaffaires.us/used/farm-tractors/41209641/kubota-l5740.html,//d22dk94hfc1k6q.cloudfront.net/none/220-160/483030/41209641/41209641_1616717024_588.jpg,Kubota L5740
sale,"{'cat1_name': 'Farming', 'cat1_id': 'Farming', 'cat2_name': 'Tractor', 'cat2_id': 'Tractor', 'cat3_name': 'Farm Tractor', 'cat3_id': 'Farm Tractor'}",{'desc': ''},https://www.agriaffaires.us/used/farm-tractors/41209643/kubota-m6040.html,//d22dk94hfc1k6q.cloudfront.net/none/220-160/483030/41209643/41209643_1616717032_169.jpg,Kubota M6040
sale,"{'cat1_name': 'Farming', 'cat1_id': 'Farming', 'cat2_name': 'Tractor', 'cat2_id': 'Tractor', 'cat3_name': 'Farm Tractor', 'cat3_id': 'Farm Tractor'}",{'desc': ''},https://www.agriaffaires.us/used/farm-tractors/41209605/new-holland-tm155.html,//d22dk94hfc1k6q.cloudfront.net/none/220-160/393353/41209605/41209605_1616716455_976.jpg,New Holland TM155
sale,"{'cat1_name': 'Farming', 'cat1_id': 'Farming', 'cat2_name': 'Tractor', 'cat2_id': 'Tractor', 'cat3_name': 'Farm Tractor', 'cat3_id': 'Farm Tractor'}",{'desc': ''},https://www.agriaffaires.us/used/farm-tractors/41209604/new-holland-tm175.html,//d22dk94hfc1k6q.cloudfront.net/none/220-160/393353/41209604/41209604_1616716452_619.jpg,New Holland TM175
sale,"{'cat1_name': 'Farming', 'cat1_id': 'Farming', 'cat2_name': 'Tractor', 'cat2_id': 'Tractor', 'cat3_name': 'Farm Tractor', 'cat3_id': 'Farm Tractor'}",{'desc': ''},https://www.agriaffaires.us/used/farm-tractors/41198257/case-ih-maxxum-125.html,,Case IH MAXXUM 125
sale,"{'cat1_name': 'Farming', 'cat1_id': 'Farming', 'cat2_name': 'Tractor', 'cat2_id': 'Tractor', 'cat3_name': 'Farm Tractor', 'cat3_id': 'Farm Tractor'}",{'desc': ''},https://www.agriaffaires.us/new/farm-tractors/41198258/new-holland-t8-435.html,//d22dk94hfc1k6q.cloudfront.net/none/220-160/318385/41198258/41198258_1616629949_886.jpg,New Holland T8.435
sale,"{'cat1_name': 'Farming', 'cat1_id': 'Farming', 'cat2_name': 'Tractor', 'cat2_id': 'Tractor', 'cat3_name': 'Farm Tractor', 'cat3_id': 'Farm Tractor'}",{'desc': ''},https://www.agriaffaires.us/used/farm-tractors/41198264/ford-5600.html,//d22dk94hfc1k6q.cloudfront.net/none/220-160/318385/41198264/41198264_1616802781_287.jpg,Ford 5600
sale,"{'cat1_name': 'Farming', 'cat1_id': 'Farming', 'cat2_name': 'Tractor', 'cat2_id': 'Tractor', 'cat3_name': 'Farm Tractor', 'cat3_id': 'Farm Tractor'}",{'desc': ''},https://www.agriaffaires.us/used/farm-tractors/41198268/ford-7600.html,//d22dk94hfc1k6q.cloudfront.net/none/220-160/318385/41198268/41198268_1616802786_867.jpg,Ford 7600
sale,"{'cat1_name': 'Farming', 'cat1_id': 'Farming', 'cat2_name': 'Tractor', 'cat2_id': 'Tractor', 'cat3_name': 'Farm Tractor', 'cat3_id': 'Farm Tractor'}",{'desc': ''},https://www.agriaffaires.us/used/farm-tractors/41198267/case-ih-magnum-250.html,,Case IH MAGNUM 250
sale,"{'cat1_name': 'Farming', 'cat1_id': 'Farming', 'cat2_name': 'Tractor', 'cat2_id': 'Tractor', 'cat3_name': 'Farm Tractor', 'cat3_id': 'Farm Tractor'}",{'desc': ''},https://www.agriaffaires.us/used/farm-tractors/41182901/mc-cormick-mtx150.html,,Mc Cormick MTX150
sale,"{'cat1_name': 'Farming', 'cat1_id': 'Farming', 'cat2_name': 'Tractor', 'cat2_id': 'Tractor', 'cat3_name': 'Farm Tractor', 'cat3_id': 'Farm Tractor'}",{'desc': ''},https://www.agriaffaires.us/used/farm-tractors/41182902/branson-1905h.html,,Branson 1905H
sale,"{'cat1_name': 'Farming', 'cat1_id': 'Farming', 'cat2_name': 'Tractor', 'cat2_id': 'Tractor', 'cat3_name': 'Farm Tractor', 'cat3_id': 'Farm Tractor'}",{'desc': ''},https://www.agriaffaires.us/used/farm-tractors/41182903/case-ih-steiger-435.html,//d22dk94hfc1k6q.cloudfront.net/none/220-160/456424/41182903/41182903_1616544200_454.jpg,Case IH STEIGER 435
sale,"{'cat1_name': 'Farming', 'cat1_id': 'Farming', 'cat2_name': 'Tractor', 'cat2_id': 'Tractor', 'cat3_name': 'Farm Tractor', 'cat3_id': 'Farm Tractor'}",{'desc': ''},https://www.agriaffaires.us/used/farm-tractors/41182872/kubota-l3901.html,//d22dk94hfc1k6q.cloudfront.net/none/220-160/465998/41182872/41182872_1616543965_681.jpg,Kubota L3901
sale,"{'cat1_name': 'Farming', 'cat1_id': 'Farming', 'cat2_name': 'Tractor', 'cat2_id': 'Tractor', 'cat3_name': 'Farm Tractor', 'cat3_id': 'Farm Tractor'}",{'desc': ''},https://www.agriaffaires.us/used/farm-tractors/41183166/new-holland-3930.html,//d22dk94hfc1k6q.cloudfront.net/none/220-160/212560/41183166/41183166_1616646039_656.jpg,New Holland 3930
sale,"{'cat1_name': 'Farming', 'cat1_id': 'Farming', 'cat2_name': 'Tractor', 'cat2_id': 'Tractor', 'cat3_name': 'Farm Tractor', 'cat3_id': 'Farm Tractor'}",{'desc': ''},https://www.agriaffaires.us/new/farm-tractors/41065752/case-ih-maxxum-150.html,//d22dk94hfc1k6q.cloudfront.net/none/220-160/318385/41065752/41065752_1616543680_328.jpg,Case IH MAXXUM 150
sale,"{'cat1_name': 'Farming', 'cat1_id': 'Farming', 'cat2_name': 'Tractor', 'cat2_id': 'Tractor', 'cat3_name': 'Farm Tractor', 'cat3_id': 'Farm Tractor'}",{'desc': ''},https://www.agriaffaires.us/new/farm-tractors/41182829/new-holland-workmaster-25s.html,//d22dk94hfc1k6q.cloudfront.net/none/220-160/318385/41182829/41182829_1616543634_66.jpg,New Holland WORKMASTER 25S
sale,"{'cat1_name': 'Farming', 'cat1_id': 'Farming', 'cat2_name': 'Tractor', 'cat2_id': 'Tractor', 'cat3_name': 'Farm Tractor', 'cat3_id': 'Farm Tractor'}",{'desc': ''},https://www.agriaffaires.us/used/farm-tractors/41182846/versatile-946.html,,Versatile 946
sale,"{'cat1_name': 'Farming', 'cat1_id': 'Farming', 'cat2_name': 'Tractor', 'cat2_id': 'Tractor', 'cat3_name': 'Farm Tractor', 'cat3_id': 'Farm Tractor'}",{'desc': ''},https://www.agriaffaires.us/used/farm-tractors/41182839/case-ih-maxxum-150.html,,Case IH MAXXUM 150
sale,"{'cat1_name': 'Farming', 'cat1_id': 'Farming', 'cat2_name': 'Tractor', 'cat2_id': 'Tractor', 'cat3_name': 'Farm Tractor', 'cat3_id': 'Farm Tractor'}",{'desc': ''},https://www.agriaffaires.us/used/farm-tractors/41182849/agco-rt145.html,,Agco RT145
sale,"{'cat1_name': 'Farming', 'cat1_id': 'Farming', 'cat2_name': 'Tractor', 'cat2_id': 'Tractor', 'cat3_name': 'Farm Tractor', 'cat3_id': 'Farm Tractor'}",{'desc': ''},https://www.agriaffaires.us/used/farm-tractors/41182766/john-deere-6155m.html,//d22dk94hfc1k6q.cloudfront.net/none/220-160/199823/41182766/41182766_1616802320_986.jpg,John Deere 6155M
sale,"{'cat1_name': 'Farming', 'cat1_id': 'Farming', 'cat2_name': 'Tractor', 'cat2_id': 'Tractor', 'cat3_name': 'Farm Tractor', 'cat3_id': 'Farm Tractor'}",{'desc': ''},https://www.agriaffaires.us/used/farm-tractors/41180033/case-ih-504.html,//d22dk94hfc1k6q.cloudfront.net/none/220-160/444618/41180033/41180033_1616459504_909.jpg,Case IH 504
sale,"{'cat1_name': 'Farming', 'cat1_id': 'Farming', 'cat2_name': 'Tractor', 'cat2_id': 'Tractor', 'cat3_name': 'Farm Tractor', 'cat3_id': 'Farm Tractor'}",{'desc': ''},https://www.agriaffaires.us/used/farm-tractors/41180032/john-deere-3020.html,//d22dk94hfc1k6q.cloudfront.net/none/220-160/444618/41180032/41180032_1616459503_274.jpg,John Deere 3020
sale,"{'cat1_name': 'Farming', 'cat1_id': 'Farming', 'cat2_name': 'Tractor', 'cat2_id': 'Tractor', 'cat3_name': 'Farm Tractor', 'cat3_id': 'Farm Tractor'}",{'desc': ''},https://www.agriaffaires.us/used/farm-tractors/41180023/mahindra-2565.html,//d22dk94hfc1k6q.cloudfront.net/none/220-160/444618/41180023/41180023_1616459472_252.jpg,Mahindra 2565
sale,"{'cat1_name': 'Farming', 'cat1_id': 'Farming', 'cat2_name': 'Tractor', 'cat2_id': 'Tractor', 'cat3_name': 'Farm Tractor', 'cat3_id': 'Farm Tractor'}",{'desc': ''},https://www.agriaffaires.us/used/farm-tractors/41180020/new-holland-boomer-45.html,//d22dk94hfc1k6q.cloudfront.net/none/220-160/444618/41180020/41180020_1616459465_325.jpg,New Holland BOOMER 45
sale,"{'cat1_name': 'Farming', 'cat1_id': 'Farming', 'cat2_name': 'Tractor', 'cat2_id': 'Tractor', 'cat3_name': 'Farm Tractor', 'cat3_id': 'Farm Tractor'}",{'desc': ''},https://www.agriaffaires.us/used/farm-tractors/41180019/new-holland-boomer-35.html,//d22dk94hfc1k6q.cloudfront.net/none/220-160/444618/41180019/41180019_1616459462_153.jpg,New Holland BOOMER 35
sale,"{'cat1_name': 'Farming', 'cat1_id': 'Farming', 'cat2_name': 'Tractor', 'cat2_id': 'Tractor', 'cat3_name': 'Farm Tractor', 'cat3_id': 'Farm Tractor'}",{'desc': ''},https://www.agriaffaires.us/used/farm-tractors/41176649/new-holland-tl100a.html,//d22dk94hfc1k6q.cloudfront.net/none/220-160/318385/41176649/41176649_1616283936_483.jpg,New Holland TL100A
sale,"{'cat1_name': 'Farming', 'cat1_id': 'Farming', 'cat2_name': 'Tractor', 'cat2_id': 'Tractor', 'cat3_name': 'Farm Tractor', 'cat3_id': 'Farm Tractor'}",{'desc': ''},https://www.agriaffaires.us/used/farm-tractors/41177526/case-ih-magnum-380-rowtrac-cvt.html,,Case IH MAGNUM 380 ROWTRAC CVT
sale,"{'cat1_name': 'Farming', 'cat1_id': 'Farming', 'cat2_name': 'Tractor', 'cat2_id': 'Tractor', 'cat3_name': 'Farm Tractor', 'cat3_id': 'Farm Tractor'}",{'desc': ''},https://www.agriaffaires.us/used/farm-tractors/41176885/john-deere-6220l.html,//d22dk94hfc1k6q.cloudfront.net/none/220-160/618064/41176885/41176885_1616308385_735.jpg,John Deere 6220L
sale,"{'cat1_name': 'Farming', 'cat1_id': 'Farming', 'cat2_name': 'Tractor', 'cat2_id': 'Tractor', 'cat3_name': 'Farm Tractor', 'cat3_id': 'Farm Tractor'}",{'desc': ''},https://www.agriaffaires.us/used/farm-tractors/41176650/kubota-m7-171.html,//d22dk94hfc1k6q.cloudfront.net/none/220-160/465998/41176650/41176650_1616284263_826.jpg,Kubota M7-171
sale,"{'cat1_name': 'Farming', 'cat1_id': 'Farming', 'cat2_name': 'Tractor', 'cat2_id': 'Tractor', 'cat3_name': 'Farm Tractor', 'cat3_id': 'Farm Tractor'}",{'desc': ''},https://www.agriaffaires.us/new/farm-tractors/41065859/case-ih-magnum-180-cvt.html,//d22dk94hfc1k6q.cloudfront.net/none/220-160/318385/41065859/41065859_1616198037_423.jpg,Case IH MAGNUM 180 CVT
sale,"{'cat1_name': 'Farming', 'cat1_id': 'Farming', 'cat2_name': 'Tractor', 'cat2_id': 'Tractor', 'cat3_name': 'Farm Tractor', 'cat3_id': 'Farm Tractor'}",{'desc': ''},https://www.agriaffaires.us/used/farm-tractors/41166460/john-deere-9530.html,//d22dk94hfc1k6q.cloudfront.net/none/220-160/346735/41166460/41166460_1616197781_154.jpg,John Deere 9530
sale,"{'cat1_name': 'Farming', 'cat1_id': 'Farming', 'cat2_name': 'Tractor', 'cat2_id': 'Tractor', 'cat3_name': 'Farm Tractor', 'cat3_id': 'Farm Tractor'}",{'desc': ''},https://www.agriaffaires.us/used/farm-tractors/41166503/case-ih-magnum-340.html,,Case IH MAGNUM 340
sale,"{'cat1_name': 'Farming', 'cat1_id': 'Farming', 'cat2_name': 'Tractor', 'cat2_id': 'Tractor', 'cat3_name': 'Farm Tractor', 'cat3_id': 'Farm Tractor'}",{'desc': ''},https://www.agriaffaires.us/used/farm-tractors/41166579/john-deere-8260r.html,//d22dk94hfc1k6q.cloudfront.net/none/220-160/488957/41166579/41166579_1616198826_501.jpg,John Deere 8260R
sale,"{'cat1_name': 'Farming', 'cat1_id': 'Farming', 'cat2_name': 'Tractor', 'cat2_id': 'Tractor', 'cat3_name': 'Farm Tractor', 'cat3_id': 'Farm Tractor'}",{'desc': ''},https://www.agriaffaires.us/used/farm-tractors/41166578/john-deere-8310r.html,//d22dk94hfc1k6q.cloudfront.net/none/220-160/488957/41166578/41166578_1616198821_164.jpg,John Deere 8310R
sale,"{'cat1_name': 'Farming', 'cat1_id': 'Farming', 'cat2_name': 'Tractor', 'cat2_id': 'Tractor', 'cat3_name': 'Farm Tractor', 'cat3_id': 'Farm Tractor'}",{'desc': ''},https://www.agriaffaires.us/used/farm-tractors/41163754/john-deere-6115d.html,,John Deere 6115D
sale,"{'cat1_name': 'Farming', 'cat1_id': 'Farming', 'cat2_name': 'Tractor', 'cat2_id': 'Tractor', 'cat3_name': 'Farm Tractor', 'cat3_id': 'Farm Tractor'}",{'desc': ''},https://www.agriaffaires.us/used/farm-tractors/41163763/case-ih-magnum-250.html,,Case IH MAGNUM 250
sale,"{'cat1_name': 'Farming', 'cat1_id': 'Farming', 'cat2_name': 'Tractor', 'cat2_id': 'Tractor', 'cat3_name': 'Farm Tractor', 'cat3_id': 'Farm Tractor'}",{'desc': ''},https://www.agriaffaires.us/used/farm-tractors/41163748/case-ih-9180.html,//d22dk94hfc1k6q.cloudfront.net/none/220-160/318385/41163748/41163748_1616111419_360.jpg,Case IH 9180
sale,"{'cat1_name': 'Farming', 'cat1_id': 'Farming', 'cat2_name': 'Tractor', 'cat2_id': 'Tractor', 'cat3_name': 'Farm Tractor', 'cat3_id': 'Farm Tractor'}",{'desc': ''},https://www.agriaffaires.us/used/farm-tractors/41164261/case-ih-350.html,,Case IH 350
sale,"{'cat1_name': 'Farming', 'cat1_id': 'Farming', 'cat2_name': 'Tractor', 'cat2_id': 'Tractor', 'cat3_name': 'Farm Tractor', 'cat3_id': 'Farm Tractor'}",{'desc': ''},https://www.agriaffaires.us/used/farm-tractors/41163790/kubota-l3301hst.html,//d22dk94hfc1k6q.cloudfront.net/none/220-160/444618/41163790/41163790_1616111709_447.jpg,Kubota L3301HST
sale,"{'cat1_name': 'Farming', 'cat1_id': 'Farming', 'cat2_name': 'Tractor', 'cat2_id': 'Tractor', 'cat3_name': 'Farm Tractor', 'cat3_id': 'Farm Tractor'}",{'desc': ''},https://www.agriaffaires.us/new/farm-tractors/41137296/case-ih-steiger-580-hd.html,//d22dk94hfc1k6q.cloudfront.net/none/220-160/318385/41137296/41137296_1615940592_971.jpg,Case IH STEIGER 580 HD
sale,"{'cat1_name': 'Farming', 'cat1_id': 'Farming', 'cat2_name': 'Tractor', 'cat2_id': 'Tractor', 'cat3_name': 'Farm Tractor', 'cat3_id': 'Farm Tractor'}",{'desc': ''},https://www.agriaffaires.us/used/farm-tractors/41137297/case-ih-magnum-310-cvt.html,,Case IH MAGNUM 310 CVT
sale,"{'cat1_name': 'Farming', 'cat1_id': 'Farming', 'cat2_name': 'Tractor', 'cat2_id': 'Tractor', 'cat3_name': 'Farm Tractor', 'cat3_id': 'Farm Tractor'}",{'desc': ''},https://www.agriaffaires.us/used/farm-tractors/41137324/case-ih-mx170.html,//d22dk94hfc1k6q.cloudfront.net/none/220-160/318385/41137324/41137324_1616543694_777.jpg,Case IH MX170
sale,"{'cat1_name': 'Farming', 'cat1_id': 'Farming', 'cat2_name': 'Tractor', 'cat2_id': 'Tractor', 'cat3_name': 'Farm Tractor', 'cat3_id': 'Farm Tractor'}",{'desc': ''},https://www.agriaffaires.us/used/farm-tractors/41137352/massey-ferguson-1835m.html,//d22dk94hfc1k6q.cloudfront.net/none/220-160/488957/41137352/41137352_1615941163_288.jpg,Massey Ferguson 1835M
sale,"{'cat1_name': 'Farming', 'cat1_id': 'Farming', 'cat2_name': 'Tractor', 'cat2_id': 'Tractor', 'cat3_name': 'Farm Tractor', 'cat3_id': 'Farm Tractor'}",{'desc': ''},https://www.agriaffaires.us/used/farm-tractors/41137350/case-ih-986.html,//d22dk94hfc1k6q.cloudfront.net/none/220-160/488957/41137350/41137350_1616544204_237.jpg,Case IH 986
sale,"{'cat1_name': 'Farming', 'cat1_id': 'Farming', 'cat2_name': 'Tractor', 'cat2_id': 'Tractor', 'cat3_name': 'Farm Tractor', 'cat3_id': 'Farm Tractor'}",{'desc': ''},https://www.agriaffaires.us/used/farm-tractors/41137338/case-ih-1086.html,//d22dk94hfc1k6q.cloudfront.net/none/220-160/444618/41137338/41137338_1615940868_833.jpg,Case IH 1086
sale,"{'cat1_name': 'Farming', 'cat1_id': 'Farming', 'cat2_name': 'Tractor', 'cat2_id': 'Tractor', 'cat3_name': 'Farm Tractor', 'cat3_id': 'Farm Tractor'}",{'desc': ''},https://www.agriaffaires.us/used/farm-tractors/41137224/john-deere-6145r.html,//d22dk94hfc1k6q.cloudfront.net/none/220-160/199823/41137224/41137224_1616111087_824.jpg,John Deere 6145R
sale,"{'cat1_name': 'Farming', 'cat1_id': 'Farming', 'cat2_name': 'Tractor', 'cat2_id': 'Tractor', 'cat3_name': 'Farm Tractor', 'cat3_id': 'Farm Tractor'}",{'desc': ''},https://www.agriaffaires.us/used/farm-tractors/41134770/new-holland-powerstar-100.html,//d22dk94hfc1k6q.cloudfront.net/none/220-160/489905/41134770/41134770_1615853542_567.jpg,New Holland POWERSTAR 100
sale,"{'cat1_name': 'Farming', 'cat1_id': 'Farming', 'cat2_name': 'Tractor', 'cat2_id': 'Tractor', 'cat3_name': 'Farm Tractor', 'cat3_id': 'Farm Tractor'}",{'desc': ''},https://www.agriaffaires.us/used/farm-tractors/41134771/kubota-l3301hst.html,//d22dk94hfc1k6q.cloudfront.net/none/220-160/489905/41134771/41134771_1615853545_152.jpg,Kubota L3301HST
sale,"{'cat1_name': 'Farming', 'cat1_id': 'Farming', 'cat2_name': 'Tractor', 'cat2_id': 'Tractor', 'cat3_name': 'Farm Tractor', 'cat3_id': 'Farm Tractor'}",{'desc': ''},https://www.agriaffaires.us/used/farm-tractors/41134739/new-holland-t4-75.html,,New Holland T4.75
sale,"{'cat1_name': 'Farming', 'cat1_id': 'Farming', 'cat2_name': 'Tractor', 'cat2_id': 'Tractor', 'cat3_name': 'Farm Tractor', 'cat3_id': 'Farm Tractor'}",{'desc': ''},https://www.agriaffaires.us/used/farm-tractors/41135279/new-holland-powerstar-100.html,,New Holland Powerstar 100
sale,"{'cat1_name': 'Farming', 'cat1_id': 'Farming', 'cat2_name': 'Tractor', 'cat2_id': 'Tractor', 'cat3_name': 'Farm Tractor', 'cat3_id': 'Farm Tractor'}",{'desc': ''},https://www.agriaffaires.us/used/farm-tractors/41134692/steiner-450.html,//d22dk94hfc1k6q.cloudfront.net/none/220-160/199823/41134692/41134692_1615852408_397.jpg,Steiner 450
sale,"{'cat1_name': 'Farming', 'cat1_id': 'Farming', 'cat2_name': 'Tractor', 'cat2_id': 'Tractor', 'cat3_name': 'Farm Tractor', 'cat3_id': 'Farm Tractor'}",{'desc': ''},https://www.agriaffaires.us/used/farm-tractors/41125644/john-deere-4630.html,//d22dk94hfc1k6q.cloudfront.net/none/220-160/318385/41125644/41125644_1615940734_133.jpg,John Deere 4630
sale,"{'cat1_name': 'Farming', 'cat1_id': 'Farming', 'cat2_name': 'Tractor', 'cat2_id': 'Tractor', 'cat3_name': 'Farm Tractor', 'cat3_id': 'Farm Tractor'}",{'desc': ''},https://www.agriaffaires.us/used/farm-tractors/41125642/case-ih-puma-150-cvt.html,//d22dk94hfc1k6q.cloudfront.net/none/220-160/318385/41125642/41125642_1616198047_720.jpg,Case IH PUMA 150 CVT
sale,"{'cat1_name': 'Farming', 'cat1_id': 'Farming', 'cat2_name': 'Tractor', 'cat2_id': 'Tractor', 'cat3_name': 'Farm Tractor', 'cat3_id': 'Farm Tractor'}",{'desc': ''},https://www.agriaffaires.us/used/farm-tractors/41125637/new-holland-t6-175.html,//d22dk94hfc1k6q.cloudfront.net/none/220-160/318385/41125637/41125637_1616629933_274.jpg,New Holland T6.175
sale,"{'cat1_name': 'Farming', 'cat1_id': 'Farming', 'cat2_name': 'Tractor', 'cat2_id': 'Tractor', 'cat3_name': 'Farm Tractor', 'cat3_id': 'Farm Tractor'}",{'desc': ''},https://www.agriaffaires.us/used/farm-tractors/41125634/case-ih-puma-145-cvt.html,//d22dk94hfc1k6q.cloudfront.net/none/220-160/318385/41125634/41125634_1616802767_534.jpg,Case IH PUMA 145 CVT
sale,"{'cat1_name': 'Farming', 'cat1_id': 'Farming', 'cat2_name': 'Tractor', 'cat2_id': 'Tractor', 'cat3_name': 'Farm Tractor', 'cat3_id': 'Farm Tractor'}",{'desc': ''},https://www.agriaffaires.us/used/farm-tractors/41125618/john-deere-6110m.html,//d22dk94hfc1k6q.cloudfront.net/none/220-160/199823/41125618/41125618_1616111086_426.jpg,John Deere 6110M
sale,"{'cat1_name': 'Farming', 'cat1_id': 'Farming', 'cat2_name': 'Tractor', 'cat2_id': 'Tractor', 'cat3_name': 'Farm Tractor', 'cat3_id': 'Farm Tractor'}",{'desc': ''},https://www.agriaffaires.us/used/farm-tractors/41123611/case-ih-magnum-250-cvt.html,//d22dk94hfc1k6q.cloudfront.net/none/220-160/318385/41123611/41123611_1615593415_771.jpg,Case IH MAGNUM 250 CVT
sale,"{'cat1_name': 'Farming', 'cat1_id': 'Farming', 'cat2_name': 'Tractor', 'cat2_id': 'Tractor', 'cat3_name': 'Farm Tractor', 'cat3_id': 'Farm Tractor'}",{'desc': ''},https://www.agriaffaires.us/new/farm-tractors/41123613/case-ih-farmall-130a.html,//d22dk94hfc1k6q.cloudfront.net/none/220-160/318385/41123613/41123613_1615593427_454.jpg,Case IH FARMALL 130A
sale,"{'cat1_name': 'Farming', 'cat1_id': 'Farming', 'cat2_name': 'Tractor', 'cat2_id': 'Tractor', 'cat3_name': 'Farm Tractor', 'cat3_id': 'Farm Tractor'}",{'desc': ''},https://www.agriaffaires.us/used/farm-tractors/41123619/case-ih-steiger-400-rowtrac.html,//d22dk94hfc1k6q.cloudfront.net/none/220-160/318385/41123619/41123619_1616543691_652.jpg,Case IH STEIGER 400 ROWTRAC
sale,"{'cat1_name': 'Farming', 'cat1_id': 'Farming', 'cat2_name': 'Tractor', 'cat2_id': 'Tractor', 'cat3_name': 'Farm Tractor', 'cat3_id': 'Farm Tractor'}",{'desc': ''},https://www.agriaffaires.us/new/farm-tractors/41123606/john-deere-9570r.html,//d22dk94hfc1k6q.cloudfront.net/none/220-160/367217/41123606/41123606_1615593391_666.jpg,John Deere 9570R
sale,"{'cat1_name': 'Farming', 'cat1_id': 'Farming', 'cat2_name': 'Tractor', 'cat2_id': 'Tractor', 'cat3_name': 'Farm Tractor', 'cat3_id': 'Farm Tractor'}",{'desc': ''},https://www.agriaffaires.us/used/farm-tractors/41120592/case-ih-mxu125.html,//d22dk94hfc1k6q.cloudfront.net/none/220-160/465998/41120592/41120592_1615507143_995.jpg,Case IH MXU125
sale,"{'cat1_name': 'Farming', 'cat1_id': 'Farming', 'cat2_name': 'Tractor', 'cat2_id': 'Tractor', 'cat3_name': 'Farm Tractor', 'cat3_id': 'Farm Tractor'}",{'desc': ''},https://www.agriaffaires.us/used/farm-tractors/41121066/kubota-m-8540.html,,Kubota M-8540
sale,"{'cat1_name': 'Farming', 'cat1_id': 'Farming', 'cat2_name': 'Tractor', 'cat2_id': 'Tractor', 'cat3_name': 'Farm Tractor', 'cat3_id': 'Farm Tractor'}",{'desc': ''},https://www.agriaffaires.us/used/farm-tractors/41121071/john-deere-4450.html,,John Deere 4450
sale,"{'cat1_name': 'Farming', 'cat1_id': 'Farming', 'cat2_name': 'Tractor', 'cat2_id': 'Tractor', 'cat3_name': 'Farm Tractor', 'cat3_id': 'Farm Tractor'}",{'desc': ''},https://www.agriaffaires.us/used/farm-tractors/41120612/john-deere-5100m.html,//d22dk94hfc1k6q.cloudfront.net/none/220-160/491572/41120612/41120612_1615507435_128.jpg,John Deere 5100M
sale,"{'cat1_name': 'Farming', 'cat1_id': 'Farming', 'cat2_name': 'Tractor', 'cat2_id': 'Tractor', 'cat3_name': 'Farm Tractor', 'cat3_id': 'Farm Tractor'}",{'desc': ''},https://www.agriaffaires.us/new/farm-tractors/40820354/case-ih-farmall-55c.html,//d22dk94hfc1k6q.cloudfront.net/none/220-160/318385/40820354/40820354_1615506869_828.jpg,Case IH FARMALL 55C
sale,"{'cat1_name': 'Farming', 'cat1_id': 'Farming', 'cat2_name': 'Tractor', 'cat2_id': 'Tractor', 'cat3_name': 'Farm Tractor', 'cat3_id': 'Farm Tractor'}",{'desc': ''},https://www.agriaffaires.us/new/farm-tractors/41065794/case-ih-farmall-75a.html,//d22dk94hfc1k6q.cloudfront.net/none/220-160/318385/41065794/41065794_1615506914_278.jpg,Case IH FARMALL 75A
sale,"{'cat1_name': 'Farming', 'cat1_id': 'Farming', 'cat2_name': 'Tractor', 'cat2_id': 'Tractor', 'cat3_name': 'Farm Tractor', 'cat3_id': 'Farm Tractor'}",{'desc': ''},https://www.agriaffaires.us/used/farm-tractors/41120582/case-ih-stx500-quad.html,,Case IH STX500 QUAD
sale,"{'cat1_name': 'Farming', 'cat1_id': 'Farming', 'cat2_name': 'Tractor', 'cat2_id': 'Tractor', 'cat3_name': 'Farm Tractor', 'cat3_id': 'Farm Tractor'}",{'desc': ''},https://www.agriaffaires.us/new/farm-tractors/41120557/john-deere-9570r.html,//d22dk94hfc1k6q.cloudfront.net/none/220-160/367217/41120557/41120557_1615506702_148.jpg,John Deere 9570R
sale,"{'cat1_name': 'Farming', 'cat1_id': 'Farming', 'cat2_name': 'Tractor', 'cat2_id': 'Tractor', 'cat3_name': 'Farm Tractor', 'cat3_id': 'Farm Tractor'}",{'desc': ''},https://www.agriaffaires.us/used/farm-tractors/41115723/new-holland-t6070.html,//d22dk94hfc1k6q.cloudfront.net/none/220-160/489905/41115723/41115723_1615421315_222.jpg,New Holland T6070
sale,"{'cat1_name': 'Farming', 'cat1_id': 'Farming', 'cat2_name': 'Tractor', 'cat2_id': 'Tractor', 'cat3_name': 'Farm Tractor', 'cat3_id': 'Farm Tractor'}",{'desc': ''},https://www.agriaffaires.us/used/farm-tractors/41115724/ford-3600.html,//d22dk94hfc1k6q.cloudfront.net/none/220-160/489905/41115724/41115724_1615421319_227.jpg,Ford 3600
sale,"{'cat1_name': 'Farming', 'cat1_id': 'Farming', 'cat2_name': 'Tractor', 'cat2_id': 'Tractor', 'cat3_name': 'Farm Tractor', 'cat3_id': 'Farm Tractor'}",{'desc': ''},https://www.agriaffaires.us/used/farm-tractors/41115718/mahindra-3650-pst.html,//d22dk94hfc1k6q.cloudfront.net/none/220-160/489905/41115718/41115718_1615421304_840.jpg,Mahindra 3650 PST
sale,"{'cat1_name': 'Farming', 'cat1_id': 'Farming', 'cat2_name': 'Tractor', 'cat2_id': 'Tractor', 'cat3_name': 'Farm Tractor', 'cat3_id': 'Farm Tractor'}",{'desc': ''},https://www.agriaffaires.us/used/farm-tractors/41115720/case-ih-966.html,//d22dk94hfc1k6q.cloudfront.net/none/220-160/489905/41115720/41115720_1615421308_246.jpg,Case IH 966
sale,"{'cat1_name': 'Farming', 'cat1_id': 'Farming', 'cat2_name': 'Tractor', 'cat2_id': 'Tractor', 'cat3_name': 'Farm Tractor', 'cat3_id': 'Farm Tractor'}",{'desc': ''},https://www.agriaffaires.us/used/farm-tractors/41115703/john-deere-2040.html,//d22dk94hfc1k6q.cloudfront.net/none/220-160/489905/41115703/41115703_1615421271_272.jpg,John Deere 2040
sale,"{'cat1_name': 'Farming', 'cat1_id': 'Farming', 'cat2_name': 'Tractor', 'cat2_id': 'Tractor', 'cat3_name': 'Farm Tractor', 'cat3_id': 'Farm Tractor'}",{'desc': ''},https://www.agriaffaires.us/used/farm-tractors/41115708/new-holland-t7-235.html,//d22dk94hfc1k6q.cloudfront.net/none/220-160/489905/41115708/41115708_1615421288_917.jpg,New Holland T7.235
sale,"{'cat1_name': 'Farming', 'cat1_id': 'Farming', 'cat2_name': 'Tractor', 'cat2_id': 'Tractor', 'cat3_name': 'Farm Tractor', 'cat3_id': 'Farm Tractor'}",{'desc': ''},https://www.agriaffaires.us/used/farm-tractors/41115679/new-holland-workmaster-70.html,//d22dk94hfc1k6q.cloudfront.net/none/220-160/444618/41115679/41115679_1615420903_943.jpg,New Holland WORKMASTER 70
sale,"{'cat1_name': 'Farming', 'cat1_id': 'Farming', 'cat2_name': 'Tractor', 'cat2_id': 'Tractor', 'cat3_name': 'Farm Tractor', 'cat3_id': 'Farm Tractor'}",{'desc': ''},https://www.agriaffaires.us/used/farm-tractors/41112451/case-ih-mx230.html,//d22dk94hfc1k6q.cloudfront.net/none/220-160/318385/41112451/41112451_1615333656_673.jpg,Case IH MX230
sale,"{'cat1_name': 'Farming', 'cat1_id': 'Farming', 'cat2_name': 'Tractor', 'cat2_id': 'Tractor', 'cat3_name': 'Farm Tractor', 'cat3_id': 'Farm Tractor'}",{'desc': ''},https://www.agriaffaires.us/used/farm-tractors/41112481/case-ih-magnum-340-rowtrac.html,//d22dk94hfc1k6q.cloudfront.net/none/220-160/318385/41112481/41112481_1616629928_331.jpg,Case IH MAGNUM 340 ROWTRAC
sale,"{'cat1_name': 'Farming', 'cat1_id': 'Farming', 'cat2_name': 'Tractor', 'cat2_id': 'Tractor', 'cat3_name': 'Farm Tractor', 'cat3_id': 'Farm Tractor'}",{'desc': ''},https://www.agriaffaires.us/used/farm-tractors/41112473/new-holland-tm115.html,,New Holland TM115
sale,"{'cat1_name': 'Farming', 'cat1_id': 'Farming', 'cat2_name': 'Tractor', 'cat2_id': 'Tractor', 'cat3_name': 'Farm Tractor', 'cat3_id': 'Farm Tractor'}",{'desc': ''},https://www.agriaffaires.us/used/farm-tractors/41112474/case-ih-farmall-45.html,,Case IH FARMALL 45
sale,"{'cat1_name': 'Farming', 'cat1_id': 'Farming', 'cat2_name': 'Tractor', 'cat2_id': 'Tractor', 'cat3_name': 'Farm Tractor', 'cat3_id': 'Farm Tractor'}",{'desc': ''},https://www.agriaffaires.us/used/farm-tractors/41112491/fendt-936-vario.html,//d22dk94hfc1k6q.cloudfront.net/none/220-160/318385/41112491/41112491_1615593466_761.jpg,Fendt 936 VARIO
sale,"{'cat1_name': 'Farming', 'cat1_id': 'Farming', 'cat2_name': 'Tractor', 'cat2_id': 'Tractor', 'cat3_name': 'Farm Tractor', 'cat3_id': 'Farm Tractor'}",{'desc': ''},https://www.agriaffaires.us/used/farm-tractors/41112496/case-ih-8920.html,//d22dk94hfc1k6q.cloudfront.net/none/220-160/318385/41112496/41112496_1615593470_246.jpg,Case IH 8920
sale,"{'cat1_name': 'Farming', 'cat1_id': 'Farming', 'cat2_name': 'Tractor', 'cat2_id': 'Tractor', 'cat3_name': 'Farm Tractor', 'cat3_id': 'Farm Tractor'}",{'desc': ''},https://www.agriaffaires.us/used/farm-tractors/41112495/case-ih-9280.html,,Case IH 9280
sale,"{'cat1_name': 'Farming', 'cat1_id': 'Farming', 'cat2_name': 'Tractor', 'cat2_id': 'Tractor', 'cat3_name': 'Farm Tractor', 'cat3_id': 'Farm Tractor'}",{'desc': ''},https://www.agriaffaires.us/new/farm-tractors/41101664/john-deere-9620r.html,,John Deere 9620R
sale,"{'cat1_name': 'Farming', 'cat1_id': 'Farming', 'cat2_name': 'Tractor', 'cat2_id': 'Tractor', 'cat3_name': 'Farm Tractor', 'cat3_id': 'Farm Tractor'}",{'desc': ''},https://www.agriaffaires.us/used/farm-tractors/41103416/massey-ferguson-mf4707.html,,Massey Ferguson MF4707
sale,"{'cat1_name': 'Farming', 'cat1_id': 'Farming', 'cat2_name': 'Tractor', 'cat2_id': 'Tractor', 'cat3_name': 'Farm Tractor', 'cat3_id': 'Farm Tractor'}",{'desc': ''},https://www.agriaffaires.us/used/farm-tractors/41103413/agco-allis-mt655d-4c.html,,Agco Allis MT655D-4C
sale,"{'cat1_name': 'Farming', 'cat1_id': 'Farming', 'cat2_name': 'Tractor', 'cat2_id': 'Tractor', 'cat3_name': 'Farm Tractor', 'cat3_id': 'Farm Tractor'}",{'desc': ''},https://www.agriaffaires.us/used/farm-tractors/41101644/john-deere-5115m.html,//d22dk94hfc1k6q.cloudfront.net/none/220-160/201182/41101644/41101644_1615248737_543.jpg,John Deere 5115M
sale,"{'cat1_name': 'Farming', 'cat1_id': 'Farming', 'cat2_name': 'Tractor', 'cat2_id': 'Tractor', 'cat3_name': 'Farm Tractor', 'cat3_id': 'Farm Tractor'}",{'desc': ''},https://www.agriaffaires.us/used/farm-tractors/41087810/case-ih-magnum-305.html,,Case IH MAGNUM 305
sale,"{'cat1_name': 'Farming', 'cat1_id': 'Farming', 'cat2_name': 'Tractor', 'cat2_id': 'Tractor', 'cat3_name': 'Farm Tractor', 'cat3_id': 'Farm Tractor'}",{'desc': ''},https://www.agriaffaires.us/used/farm-tractors/41092288/case-ih-9370.html,,Case IH 9370
sale,"{'cat1_name': 'Farming', 'cat1_id': 'Farming', 'cat2_name': 'Tractor', 'cat2_id': 'Tractor', 'cat3_name': 'Farm Tractor', 'cat3_id': 'Farm Tractor'}",{'desc': ''},https://www.agriaffaires.us/used/farm-tractors/41073346/john-deere-5083e.html,//d22dk94hfc1k6q.cloudfront.net/none/220-160/204708/41073346/41073346_1614988301_655.jpg,John Deere 5083E
sale,"{'cat1_name': 'Farming', 'cat1_id': 'Farming', 'cat2_name': 'Tractor', 'cat2_id': 'Tractor', 'cat3_name': 'Farm Tractor', 'cat3_id': 'Farm Tractor'}",{'desc': ''},https://www.agriaffaires.us/used/farm-tractors/41073385/case-ih-9150.html,//d22dk94hfc1k6q.cloudfront.net/none/220-160/318385/41073385/41073385_1615940708_189.jpg,Case IH 9150
sale,"{'cat1_name': 'Farming', 'cat1_id': 'Farming', 'cat2_name': 'Tractor', 'cat2_id': 'Tractor', 'cat3_name': 'Farm Tractor', 'cat3_id': 'Farm Tractor'}",{'desc': ''},https://www.agriaffaires.us/used/farm-tractors/41071101/kubota-m6-141.html,,Kubota M6-141
sale,"{'cat1_name': 'Farming', 'cat1_id': 'Farming', 'cat2_name': 'Tractor', 'cat2_id': 'Tractor', 'cat3_name': 'Farm Tractor', 'cat3_id': 'Farm Tractor'}",{'desc': ''},https://www.agriaffaires.us/used/farm-tractors/41070721/new-holland-tl100a.html,,New Holland TL100A
sale,"{'cat1_name': 'Farming', 'cat1_id': 'Farming', 'cat2_name': 'Tractor', 'cat2_id': 'Tractor', 'cat3_name': 'Farm Tractor', 'cat3_id': 'Farm Tractor'}",{'desc': ''},https://www.agriaffaires.us/new/farm-tractors/41070723/massey-ferguson-2860e.html,//d22dk94hfc1k6q.cloudfront.net/none/220-160/516152/41070723/41070723_1614904554_970.jpg,Massey Ferguson 2860E
sale,"{'cat1_name': 'Farming', 'cat1_id': 'Farming', 'cat2_name': 'Tractor', 'cat2_id': 'Tractor', 'cat3_name': 'Farm Tractor', 'cat3_id': 'Farm Tractor'}",{'desc': ''},https://www.agriaffaires.us/new/farm-tractors/41065795/case-ih-farmall-75c.html,//d22dk94hfc1k6q.cloudfront.net/none/220-160/318385/41065795/41065795_1614904072_188.jpg,Case IH FARMALL 75C
sale,"{'cat1_name': 'Farming', 'cat1_id': 'Farming', 'cat2_name': 'Tractor', 'cat2_id': 'Tractor', 'cat3_name': 'Farm Tractor', 'cat3_id': 'Farm Tractor'}",{'desc': ''},https://www.agriaffaires.us/new/farm-tractors/40925535/case-ih-farmall-75c.html,//d22dk94hfc1k6q.cloudfront.net/none/220-160/318385/40925535/40925535_1615074770_265.jpg,Case IH FARMALL 75C
sale,"{'cat1_name': 'Farming', 'cat1_id': 'Farming', 'cat2_name': 'Tractor', 'cat2_id': 'Tractor', 'cat3_name': 'Farm Tractor', 'cat3_id': 'Farm Tractor'}",{'desc': ''},https://www.agriaffaires.us/used/farm-tractors/41070660/case-ih-mx220.html,//d22dk94hfc1k6q.cloudfront.net/none/220-160/318385/41070660/41070660_1615333738_564.jpg,Case IH MX220
sale,"{'cat1_name': 'Farming', 'cat1_id': 'Farming', 'cat2_name': 'Tractor', 'cat2_id': 'Tractor', 'cat3_name': 'Farm Tractor', 'cat3_id': 'Farm Tractor'}",{'desc': ''},https://www.agriaffaires.us/used/farm-tractors/41070655/john-deere-4620.html,,John Deere 4620
sale,"{'cat1_name': 'Farming', 'cat1_id': 'Farming', 'cat2_name': 'Tractor', 'cat2_id': 'Tractor', 'cat3_name': 'Farm Tractor', 'cat3_id': 'Farm Tractor'}",{'desc': ''},https://www.agriaffaires.us/used/farm-tractors/41070658/john-deere-8450.html,//d22dk94hfc1k6q.cloudfront.net/none/220-160/318385/41070658/41070658_1616111468_521.jpg,John Deere 8450
sale,"{'cat1_name': 'Farming', 'cat1_id': 'Farming', 'cat2_name': 'Tractor', 'cat2_id': 'Tractor', 'cat3_name': 'Farm Tractor', 'cat3_id': 'Farm Tractor'}",{'desc': ''},https://www.agriaffaires.us/used/farm-tractors/41070661/john-deere-7330.html,//d22dk94hfc1k6q.cloudfront.net/none/220-160/318385/41070661/41070661_1615940706_452.jpg,John Deere 7330
sale,"{'cat1_name': 'Farming', 'cat1_id': 'Farming', 'cat2_name': 'Tractor', 'cat2_id': 'Tractor', 'cat3_name': 'Farm Tractor', 'cat3_id': 'Farm Tractor'}",{'desc': ''},https://www.agriaffaires.us/used/farm-tractors/41070681/massey-ferguson-gc1705.html,//d22dk94hfc1k6q.cloudfront.net/none/220-160/488957/41070681/41070681_1614904277_122.jpg,Massey Ferguson GC1705
sale,"{'cat1_name': 'Farming', 'cat1_id': 'Farming', 'cat2_name': 'Tractor', 'cat2_id': 'Tractor', 'cat3_name': 'Farm Tractor', 'cat3_id': 'Farm Tractor'}",{'desc': ''},https://www.agriaffaires.us/used/farm-tractors/41063037/new-holland-workmaster-60.html,//d22dk94hfc1k6q.cloudfront.net/none/220-160/212560/41063037/41063037_1616645697_805.jpg,New Holland WORKMASTER 60
sale,"{'cat1_name': 'Farming', 'cat1_id': 'Farming', 'cat2_name': 'Tractor', 'cat2_id': 'Tractor', 'cat3_name': 'Farm Tractor', 'cat3_id': 'Farm Tractor'}",{'desc': ''},https://www.agriaffaires.us/used/farm-tractors/41063024/new-holland-workmaster-75.html,//d22dk94hfc1k6q.cloudfront.net/none/220-160/212560/41063024/41063024_1616645664_626.jpg,New Holland WORKMASTER 75
sale,"{'cat1_name': 'Farming', 'cat1_id': 'Farming', 'cat2_name': 'Tractor', 'cat2_id': 'Tractor', 'cat3_name': 'Farm Tractor', 'cat3_id': 'Farm Tractor'}",{'desc': ''},https://www.agriaffaires.us/used/farm-tractors/41066307/agco-allis-9670.html,,Agco Allis 9670
sale,"{'cat1_name': 'Farming', 'cat1_id': 'Farming', 'cat2_name': 'Tractor', 'cat2_id': 'Tractor', 'cat3_name': 'Farm Tractor', 'cat3_id': 'Farm Tractor'}",{'desc': ''},https://www.agriaffaires.us/used/farm-tractors/41063086/challenger-mt775e.html,,Challenger MT775E
sale,"{'cat1_name': 'Farming', 'cat1_id': 'Farming', 'cat2_name': 'Tractor', 'cat2_id': 'Tractor', 'cat3_name': 'Farm Tractor', 'cat3_id': 'Farm Tractor'}",{'desc': ''},https://www.agriaffaires.us/used/farm-tractors/41065904/case-ih-maxxum-150.html,//d22dk94hfc1k6q.cloudfront.net/none/220-160/456424/41065904/41065904_1614815570_720.jpg,Case IH MAXXUM 150
sale,"{'cat1_name': 'Farming', 'cat1_id': 'Farming', 'cat2_name': 'Tractor', 'cat2_id': 'Tractor', 'cat3_name': 'Farm Tractor', 'cat3_id': 'Farm Tractor'}",{'desc': ''},https://www.agriaffaires.us/used/farm-tractors/41063102/agco-allis-mt738.html,,Agco Allis MT738
sale,"{'cat1_name': 'Farming', 'cat1_id': 'Farming', 'cat2_name': 'Tractor', 'cat2_id': 'Tractor', 'cat3_name': 'Farm Tractor', 'cat3_id': 'Farm Tractor'}",{'desc': ''},https://www.agriaffaires.us/used/farm-tractors/41063098/agco-allis-mt855e.html,,Agco Allis MT855E
sale,"{'cat1_name': 'Farming', 'cat1_id': 'Farming', 'cat2_name': 'Tractor', 'cat2_id': 'Tractor', 'cat3_name': 'Farm Tractor', 'cat3_id': 'Farm Tractor'}",{'desc': ''},https://www.agriaffaires.us/used/farm-tractors/41063099/agco-allis-mt855e.html,,Agco Allis MT855E
sale,"{'cat1_name': 'Farming', 'cat1_id': 'Farming', 'cat2_name': 'Tractor', 'cat2_id': 'Tractor', 'cat3_name': 'Farm Tractor', 'cat3_id': 'Farm Tractor'}",{'desc': ''},https://www.agriaffaires.us/used/farm-tractors/41063100/agco-allis-mt738.html,,Agco Allis MT738
sale,"{'cat1_name': 'Farming', 'cat1_id': 'Farming', 'cat2_name': 'Tractor', 'cat2_id': 'Tractor', 'cat3_name': 'Farm Tractor', 'cat3_id': 'Farm Tractor'}",{'desc': ''},https://www.agriaffaires.us/used/farm-tractors/41063101/agco-allis-mt845e.html,//d22dk94hfc1k6q.cloudfront.net/none/220-160/365458/41063101/41063101_1615870919_95.jpg,Agco Allis MT845E
sale,"{'cat1_name': 'Farming', 'cat1_id': 'Farming', 'cat2_name': 'Tractor', 'cat2_id': 'Tractor', 'cat3_name': 'Farm Tractor', 'cat3_id': 'Farm Tractor'}",{'desc': ''},https://www.agriaffaires.us/used/farm-tractors/41063090/challenger-mt465b.html,//d22dk94hfc1k6q.cloudfront.net/none/220-160/365458/41063090/41063090_1615870868_57.jpg,Challenger MT465B
sale,"{'cat1_name': 'Farming', 'cat1_id': 'Farming', 'cat2_name': 'Tractor', 'cat2_id': 'Tractor', 'cat3_name': 'Farm Tractor', 'cat3_id': 'Farm Tractor'}",{'desc': ''},https://www.agriaffaires.us/used/farm-tractors/41063131/agco-allis-mt855e.html,//d22dk94hfc1k6q.cloudfront.net/none/220-160/365458/41063131/41063131_1614800000_889.jpg,Agco Allis MT855E
sale,"{'cat1_name': 'Farming', 'cat1_id': 'Farming', 'cat2_name': 'Tractor', 'cat2_id': 'Tractor', 'cat3_name': 'Farm Tractor', 'cat3_id': 'Farm Tractor'}",{'desc': ''},https://www.agriaffaires.us/used/farm-tractors/41063106/massey-ferguson-6713.html,//d22dk94hfc1k6q.cloudfront.net/none/220-160/365458/41063106/41063106_1615870925_760.jpg,Massey Ferguson 6713
sale,"{'cat1_name': 'Farming', 'cat1_id': 'Farming', 'cat2_name': 'Tractor', 'cat2_id': 'Tractor', 'cat3_name': 'Farm Tractor', 'cat3_id': 'Farm Tractor'}",{'desc': ''},https://www.agriaffaires.us/used/farm-tractors/41063112/challenger-mt855e.html,//d22dk94hfc1k6q.cloudfront.net/none/220-160/365458/41063112/41063112_1615870945_198.jpg,Challenger MT855E
sale,"{'cat1_name': 'Farming', 'cat1_id': 'Farming', 'cat2_name': 'Tractor', 'cat2_id': 'Tractor', 'cat3_name': 'Farm Tractor', 'cat3_id': 'Farm Tractor'}",{'desc': ''},https://www.agriaffaires.us/used/farm-tractors/41063115/massey-ferguson-6713.html,//d22dk94hfc1k6q.cloudfront.net/none/220-160/365458/41063115/41063115_1615870951_415.jpg,Massey Ferguson 6713
sale,"{'cat1_name': 'Farming', 'cat1_id': 'Farming', 'cat2_name': 'Tractor', 'cat2_id': 'Tractor', 'cat3_name': 'Farm Tractor', 'cat3_id': 'Farm Tractor'}",{'desc': ''},https://www.agriaffaires.us/used/farm-tractors/41065309/challenger-mt655d.html,//d22dk94hfc1k6q.cloudfront.net/none/220-160/233190/41065309/41065309_1615872499_549.jpg,Challenger MT655D
sale,"{'cat1_name': 'Farming', 'cat1_id': 'Farming', 'cat2_name': 'Tractor', 'cat2_id': 'Tractor', 'cat3_name': 'Farm Tractor', 'cat3_id': 'Farm Tractor'}",{'desc': ''},https://www.agriaffaires.us/used/farm-tractors/41065311/case-ih-mx270c.html,//d22dk94hfc1k6q.cloudfront.net/none/220-160/233190/41065311/41065311_1615872506_803.jpg,Case IH MX270C
sale,"{'cat1_name': 'Farming', 'cat1_id': 'Farming', 'cat2_name': 'Tractor', 'cat2_id': 'Tractor', 'cat3_name': 'Farm Tractor', 'cat3_id': 'Farm Tractor'}",{'desc': ''},https://www.agriaffaires.us/used/farm-tractors/41065321/challenger-mt765b.html,//d22dk94hfc1k6q.cloudfront.net/none/220-160/233190/41065321/41065321_1615872524_125.jpg,Challenger MT765B
sale,"{'cat1_name': 'Farming', 'cat1_id': 'Farming', 'cat2_name': 'Tractor', 'cat2_id': 'Tractor', 'cat3_name': 'Farm Tractor', 'cat3_id': 'Farm Tractor'}",{'desc': ''},https://www.agriaffaires.us/used/farm-tractors/41065324/john-deere-9560-rt.html,//d22dk94hfc1k6q.cloudfront.net/none/220-160/233190/41065324/41065324_1615872535_453.jpg,John Deere 9560 RT
sale,"{'cat1_name': 'Farming', 'cat1_id': 'Farming', 'cat2_name': 'Tractor', 'cat2_id': 'Tractor', 'cat3_name': 'Farm Tractor', 'cat3_id': 'Farm Tractor'}",{'desc': ''},https://www.agriaffaires.us/used/farm-tractors/41065363/john-deere-2940.html,,John Deere 2940
sale,"{'cat1_name': 'Farming', 'cat1_id': 'Farming', 'cat2_name': 'Tractor', 'cat2_id': 'Tractor', 'cat3_name': 'Farm Tractor', 'cat3_id': 'Farm Tractor'}",{'desc': ''},https://www.agriaffaires.us/used/farm-tractors/41065724/john-deere-8970.html,//d22dk94hfc1k6q.cloudfront.net/none/220-160/318385/41065724/41065724_1614815318_661.jpg,John Deere 8970
sale,"{'cat1_name': 'Farming', 'cat1_id': 'Farming', 'cat2_name': 'Tractor', 'cat2_id': 'Tractor', 'cat3_name': 'Farm Tractor', 'cat3_id': 'Farm Tractor'}",{'desc': ''},https://www.agriaffaires.us/used/farm-tractors/41065726/case-ih-steiger-600-quadtrac.html,,Case IH STEIGER 600 QUADTRAC
sale,"{'cat1_name': 'Farming', 'cat1_id': 'Farming', 'cat2_name': 'Tractor', 'cat2_id': 'Tractor', 'cat3_name': 'Farm Tractor', 'cat3_id': 'Farm Tractor'}",{'desc': ''},https://www.agriaffaires.us/used/farm-tractors/41065871/case-ih-puma-145-cvt.html,//d22dk94hfc1k6q.cloudfront.net/none/220-160/318385/41065871/41065871_1614815367_914.jpg,Case IH PUMA 145 CVT
sale,"{'cat1_name': 'Farming', 'cat1_id': 'Farming', 'cat2_name': 'Tractor', 'cat2_id': 'Tractor', 'cat3_name': 'Farm Tractor', 'cat3_id': 'Farm Tractor'}",{'desc': ''},https://www.agriaffaires.us/used/farm-tractors/41065884/ford-9280.html,//d22dk94hfc1k6q.cloudfront.net/none/220-160/318385/41065884/41065884_1616716261_327.jpg,Ford 9280
sale,"{'cat1_name': 'Farming', 'cat1_id': 'Farming', 'cat2_name': 'Tractor', 'cat2_id': 'Tractor', 'cat3_name': 'Farm Tractor', 'cat3_id': 'Farm Tractor'}",{'desc': ''},https://www.agriaffaires.us/used/farm-tractors/41065714/challenger-mt755d.html,//d22dk94hfc1k6q.cloudfront.net/none/220-160/374864/41065714/41065714_1616112666_522.jpg,Challenger MT755D
sale,"{'cat1_name': 'Farming', 'cat1_id': 'Farming', 'cat2_name': 'Tractor', 'cat2_id': 'Tractor', 'cat3_name': 'Farm Tractor', 'cat3_id': 'Farm Tractor'}",{'desc': ''},https://www.agriaffaires.us/used/farm-tractors/41065653/john-deere-7920.html,//d22dk94hfc1k6q.cloudfront.net/none/220-160/222639/41065653/41065653_1614814614_276.jpg,John Deere 7920
sale,"{'cat1_name': 'Farming', 'cat1_id': 'Farming', 'cat2_name': 'Tractor', 'cat2_id': 'Tractor', 'cat3_name': 'Farm Tractor', 'cat3_id': 'Farm Tractor'}",{'desc': ''},https://www.agriaffaires.us/used/farm-tractors/41064026/massey-ferguson-mf8650.html,,Massey Ferguson MF8650
sale,"{'cat1_name': 'Farming', 'cat1_id': 'Farming', 'cat2_name': 'Tractor', 'cat2_id': 'Tractor', 'cat3_name': 'Farm Tractor', 'cat3_id': 'Farm Tractor'}",{'desc': ''},https://www.agriaffaires.us/used/farm-tractors/41064002/massey-ferguson-mf4710.html,,Massey Ferguson MF4710
sale,"{'cat1_name': 'Farming', 'cat1_id': 'Farming', 'cat2_name': 'Tractor', 'cat2_id': 'Tractor', 'cat3_name': 'Farm Tractor', 'cat3_id': 'Farm Tractor'}",{'desc': ''},https://www.agriaffaires.us/used/farm-tractors/41063995/challenger-mt765d.html,//d22dk94hfc1k6q.cloudfront.net/none/220-160/365852/41063995/41063995_1616387051_880.jpg,Challenger MT765D
sale,"{'cat1_name': 'Farming', 'cat1_id': 'Farming', 'cat2_name': 'Tractor', 'cat2_id': 'Tractor', 'cat3_name': 'Farm Tractor', 'cat3_id': 'Farm Tractor'}",{'desc': ''},https://www.agriaffaires.us/used/farm-tractors/41063976/kubota-m7-131.html,,Kubota M7-131
sale,"{'cat1_name': 'Farming', 'cat1_id': 'Farming', 'cat2_name': 'Tractor', 'cat2_id': 'Tractor', 'cat3_name': 'Farm Tractor', 'cat3_id': 'Farm Tractor'}",{'desc': ''},https://www.agriaffaires.us/used/farm-tractors/41061943/john-deere-8335r.html,//d22dk94hfc1k6q.cloudfront.net/none/220-160/366308/41061943/41061943_1616819261_325.jpg,John Deere 8335R
sale,"{'cat1_name': 'Farming', 'cat1_id': 'Farming', 'cat2_name': 'Tractor', 'cat2_id': 'Tractor', 'cat3_name': 'Farm Tractor', 'cat3_id': 'Farm Tractor'}",{'desc': ''},https://www.agriaffaires.us/used/farm-tractors/41059566/john-deere-8130.html,,John Deere 8130
sale,"{'cat1_name': 'Farming', 'cat1_id': 'Farming', 'cat2_name': 'Tractor', 'cat2_id': 'Tractor', 'cat3_name': 'Farm Tractor', 'cat3_id': 'Farm Tractor'}",{'desc': ''},https://www.agriaffaires.us/used/farm-tractors/41059563/case-ih-9370.html,,Case IH 9370
sale,"{'cat1_name': 'Farming', 'cat1_id': 'Farming', 'cat2_name': 'Tractor', 'cat2_id': 'Tractor', 'cat3_name': 'Farm Tractor', 'cat3_id': 'Farm Tractor'}",{'desc': ''},https://www.agriaffaires.us/new/farm-tractors/41058969/kubota-l6060hstc.html,//d22dk94hfc1k6q.cloudfront.net/none/220-160/227841/41058969/41058969_1614728823_11.jpg,Kubota L6060HSTC
sale,"{'cat1_name': 'Farming', 'cat1_id': 'Farming', 'cat2_name': 'Tractor', 'cat2_id': 'Tractor', 'cat3_name': 'Farm Tractor', 'cat3_id': 'Farm Tractor'}",{'desc': ''},https://www.agriaffaires.us/new/farm-tractors/41058956/mahindra-3550-pst.html,//d22dk94hfc1k6q.cloudfront.net/none/220-160/231951/41058956/41058956_1614728793_538.jpg,Mahindra 3550 PST
sale,"{'cat1_name': 'Farming', 'cat1_id': 'Farming', 'cat2_name': 'Tractor', 'cat2_id': 'Tractor', 'cat3_name': 'Farm Tractor', 'cat3_id': 'Farm Tractor'}",{'desc': ''},https://www.agriaffaires.us/used/farm-tractors/41058994/case-ih-farmall-75c.html,//d22dk94hfc1k6q.cloudfront.net/none/220-160/318385/41058994/41058994_1614729086_811.jpg,Case IH FARMALL 75C
sale,"{'cat1_name': 'Farming', 'cat1_id': 'Farming', 'cat2_name': 'Tractor', 'cat2_id': 'Tractor', 'cat3_name': 'Farm Tractor', 'cat3_id': 'Farm Tractor'}",{'desc': ''},https://www.agriaffaires.us/used/farm-tractors/41059001/case-ih-8940.html,//d22dk94hfc1k6q.cloudfront.net/none/220-160/318385/41059001/41059001_1614988747_294.jpg,Case IH 8940
sale,"{'cat1_name': 'Farming', 'cat1_id': 'Farming', 'cat2_name': 'Tractor', 'cat2_id': 'Tractor', 'cat3_name': 'Farm Tractor', 'cat3_id': 'Farm Tractor'}",{'desc': ''},https://www.agriaffaires.us/used/farm-tractors/41059018/new-holland-t9020.html,,New Holland T9020
sale,"{'cat1_name': 'Farming', 'cat1_id': 'Farming', 'cat2_name': 'Tractor', 'cat2_id': 'Tractor', 'cat3_name': 'Farm Tractor', 'cat3_id': 'Farm Tractor'}",{'desc': ''},https://www.agriaffaires.us/used/farm-tractors/41058955/new-holland-tg215.html,,New Holland TG215
sale,"{'cat1_name': 'Farming', 'cat1_id': 'Farming', 'cat2_name': 'Tractor', 'cat2_id': 'Tractor', 'cat3_name': 'Farm Tractor', 'cat3_id': 'Farm Tractor'}",{'desc': ''},https://www.agriaffaires.us/new/farm-tractors/41055871/john-deere-9520r.html,//d22dk94hfc1k6q.cloudfront.net/none/220-160/346565/41055871/41055871_1614642560_103.jpg,John Deere 9520R
sale,"{'cat1_name': 'Farming', 'cat1_id': 'Farming', 'cat2_name': 'Tractor', 'cat2_id': 'Tractor', 'cat3_name': 'Farm Tractor', 'cat3_id': 'Farm Tractor'}",{'desc': ''},https://www.agriaffaires.us/used/farm-tractors/41055892/ford-1220.html,//d22dk94hfc1k6q.cloudfront.net/none/220-160/444618/41055892/41055892_1614642907_717.jpg,Ford 1220
sale,"{'cat1_name': 'Farming', 'cat1_id': 'Farming', 'cat2_name': 'Tractor', 'cat2_id': 'Tractor', 'cat3_name': 'Farm Tractor', 'cat3_id': 'Farm Tractor'}",{'desc': ''},https://www.agriaffaires.us/used/farm-tractors/41055875/kioti-lb2204.html,//d22dk94hfc1k6q.cloudfront.net/none/220-160/370949/41055875/41055875_1614642698_628.jpg,Kioti LB2204
sale,"{'cat1_name': 'Farming', 'cat1_id': 'Farming', 'cat2_name': 'Tractor', 'cat2_id': 'Tractor', 'cat3_name': 'Farm Tractor', 'cat3_id': 'Farm Tractor'}",{'desc': ''},https://www.agriaffaires.us/used/farm-tractors/41054366/case-ih-steiger-535-hd.html,//d22dk94hfc1k6q.cloudfront.net/none/220-160/1870568/41054366/41054366_1614601000_35.jpg,Case IH Steiger 535 HD
sale,"{'cat1_name': 'Farming', 'cat1_id': 'Farming', 'cat2_name': 'Tractor', 'cat2_id': 'Tractor', 'cat3_name': 'Farm Tractor', 'cat3_id': 'Farm Tractor'}",{'desc': ''},https://www.agriaffaires.us/used/farm-tractors/41054382/john-deere-9400t.html,//d22dk94hfc1k6q.cloudfront.net/none/220-160/1870568/41054382/41054382_1614601478_422.jpg,John Deere 9400T
sale,"{'cat1_name': 'Farming', 'cat1_id': 'Farming', 'cat2_name': 'Tractor', 'cat2_id': 'Tractor', 'cat3_name': 'Farm Tractor', 'cat3_id': 'Farm Tractor'}",{'desc': ''},https://www.agriaffaires.us/used/farm-tractors/41052604/case-ih-maxxum-115.html,,Case IH MAXXUM 115
sale,"{'cat1_name': 'Farming', 'cat1_id': 'Farming', 'cat2_name': 'Tractor', 'cat2_id': 'Tractor', 'cat3_name': 'Farm Tractor', 'cat3_id': 'Farm Tractor'}",{'desc': ''},https://www.agriaffaires.us/new/farm-tractors/40074131/kubota-bx2380.html,//d22dk94hfc1k6q.cloudfront.net/none/220-160/318385/40074131/40074131_1610251086_345.jpg,Kubota BX2380
sale,"{'cat1_name': 'Farming', 'cat1_id': 'Farming', 'cat2_name': 'Tractor', 'cat2_id': 'Tractor', 'cat3_name': 'Farm Tractor', 'cat3_id': 'Farm Tractor'}",{'desc': ''},https://www.agriaffaires.us/new/farm-tractors/40074128/new-holland-t6-165.html,//d22dk94hfc1k6q.cloudfront.net/none/220-160/318385/40074128/40074128_1610345416_312.jpg,New Holland T6.165
sale,"{'cat1_name': 'Farming', 'cat1_id': 'Farming', 'cat2_name': 'Tractor', 'cat2_id': 'Tractor', 'cat3_name': 'Farm Tractor', 'cat3_id': 'Farm Tractor'}",{'desc': ''},https://www.agriaffaires.us/new/farm-tractors/40074132/kubota-bx2680.html,//d22dk94hfc1k6q.cloudfront.net/none/220-160/318385/40074132/40074132_1610251089_28.jpg,Kubota BX2680
sale,"{'cat1_name': 'Farming', 'cat1_id': 'Farming', 'cat2_name': 'Tractor', 'cat2_id': 'Tractor', 'cat3_name': 'Farm Tractor', 'cat3_id': 'Farm Tractor'}",{'desc': ''},https://www.agriaffaires.us/used/farm-tractors/40074168/case-ih-steiger-550-hd.html,//d22dk94hfc1k6q.cloudfront.net/none/220-160/318385/40074168/40074168_1610251133_737.jpg,Case IH STEIGER 550 HD
sale,"{'cat1_name': 'Farming', 'cat1_id': 'Farming', 'cat2_name': 'Tractor', 'cat2_id': 'Tractor', 'cat3_name': 'Farm Tractor', 'cat3_id': 'Farm Tractor'}",{'desc': ''},https://www.agriaffaires.us/used/farm-tractors/40074175/case-ih-steiger-550-hd.html,//d22dk94hfc1k6q.cloudfront.net/none/220-160/318385/40074175/40074175_1610251150_739.jpg,Case IH STEIGER 550 HD
sale,"{'cat1_name': 'Farming', 'cat1_id': 'Farming', 'cat2_name': 'Tractor', 'cat2_id': 'Tractor', 'cat3_name': 'Farm Tractor', 'cat3_id': 'Farm Tractor'}",{'desc': ''},https://www.agriaffaires.us/new/farm-tractors/40074310/new-holland-t6-155.html,//d22dk94hfc1k6q.cloudfront.net/none/220-160/318385/40074310/40074310_1610345441_589.jpg,New Holland T6.155
sale,"{'cat1_name': 'Farming', 'cat1_id': 'Farming', 'cat2_name': 'Tractor', 'cat2_id': 'Tractor', 'cat3_name': 'Farm Tractor', 'cat3_id': 'Farm Tractor'}",{'desc': ''},https://www.agriaffaires.us/new/farm-tractors/40074313/new-holland-t8-410.html,//d22dk94hfc1k6q.cloudfront.net/none/220-160/318385/40074313/40074313_1610345456_788.jpg,New Holland T8.410
sale,"{'cat1_name': 'Farming', 'cat1_id': 'Farming', 'cat2_name': 'Tractor', 'cat2_id': 'Tractor', 'cat3_name': 'Farm Tractor', 'cat3_id': 'Farm Tractor'}",{'desc': ''},https://www.agriaffaires.us/new/farm-tractors/40074316/new-holland-t7-230.html,//d22dk94hfc1k6q.cloudfront.net/none/220-160/318385/40074316/40074316_1610345461_506.jpg,New Holland T7.230
sale,"{'cat1_name': 'Farming', 'cat1_id': 'Farming', 'cat2_name': 'Tractor', 'cat2_id': 'Tractor', 'cat3_name': 'Farm Tractor', 'cat3_id': 'Farm Tractor'}",{'desc': ''},https://www.agriaffaires.us/used/farm-tractors/40074372/case-ih-steiger-500-quadtrac.html,//d22dk94hfc1k6q.cloudfront.net/none/220-160/318385/40074372/40074372_1610251451_622.jpg,Case IH STEIGER 500 QUADTRAC
sale,"{'cat1_name': 'Farming', 'cat1_id': 'Farming', 'cat2_name': 'Tractor', 'cat2_id': 'Tractor', 'cat3_name': 'Farm Tractor', 'cat3_id': 'Farm Tractor'}",{'desc': ''},https://www.agriaffaires.us/new/farm-tractors/40074540/new-holland-t7-230.html,//d22dk94hfc1k6q.cloudfront.net/none/220-160/318385/40074540/40074540_1610345482_22.jpg,New Holland T7.230
sale,"{'cat1_name': 'Farming', 'cat1_id': 'Farming', 'cat2_name': 'Tractor', 'cat2_id': 'Tractor', 'cat3_name': 'Farm Tractor', 'cat3_id': 'Farm Tractor'}",{'desc': ''},https://www.agriaffaires.us/used/farm-tractors/40074594/case-ih-stx375-quad.html,//d22dk94hfc1k6q.cloudfront.net/none/220-160/318385/40074594/40074594_1610592599_347.jpg,Case IH STX375 QUAD
sale,"{'cat1_name': 'Farming', 'cat1_id': 'Farming', 'cat2_name': 'Tractor', 'cat2_id': 'Tractor', 'cat3_name': 'Farm Tractor', 'cat3_id': 'Farm Tractor'}",{'desc': ''},https://www.agriaffaires.us/new/farm-tractors/40074695/new-holland-t6-180.html,,New Holland T6.180
sale,"{'cat1_name': 'Farming', 'cat1_id': 'Farming', 'cat2_name': 'Tractor', 'cat2_id': 'Tractor', 'cat3_name': 'Farm Tractor', 'cat3_id': 'Farm Tractor'}",{'desc': ''},https://www.agriaffaires.us/used/farm-tractors/40074744/case-ih-steiger-400-rowtrac.html,//d22dk94hfc1k6q.cloudfront.net/none/220-160/318385/40074744/40074744_1610592644_379.jpg,Case IH STEIGER 400 ROWTRAC
sale,"{'cat1_name': 'Farming', 'cat1_id': 'Farming', 'cat2_name': 'Tractor', 'cat2_id': 'Tractor', 'cat3_name': 'Farm Tractor', 'cat3_id': 'Farm Tractor'}",{'desc': ''},https://www.agriaffaires.us/used/farm-tractors/40074846/case-ih-magnum-380-rowtrac-cvt.html,//d22dk94hfc1k6q.cloudfront.net/none/220-160/318385/40074846/40074846_1610252044_593.jpg,Case IH MAGNUM 380 ROWTRAC CVT
sale,"{'cat1_name': 'Farming', 'cat1_id': 'Farming', 'cat2_name': 'Tractor', 'cat2_id': 'Tractor', 'cat3_name': 'Farm Tractor', 'cat3_id': 'Farm Tractor'}",{'desc': ''},https://www.agriaffaires.us/used/farm-tractors/40074848/challenger-mt535e.html,//d22dk94hfc1k6q.cloudfront.net/none/220-160/318385/40074848/40074848_1610252048_252.jpg,Challenger MT535E
sale,"{'cat1_name': 'Farming', 'cat1_id': 'Farming', 'cat2_name': 'Tractor', 'cat2_id': 'Tractor', 'cat3_name': 'Farm Tractor', 'cat3_id': 'Farm Tractor'}",{'desc': ''},https://www.agriaffaires.us/used/farm-tractors/40074886/kioti-ck3510.html,//d22dk94hfc1k6q.cloudfront.net/none/220-160/318385/40074886/40074886_1610252100_538.jpg,Kioti CK3510
sale,"{'cat1_name': 'Farming', 'cat1_id': 'Farming', 'cat2_name': 'Tractor', 'cat2_id': 'Tractor', 'cat3_name': 'Farm Tractor', 'cat3_id': 'Farm Tractor'}",{'desc': ''},https://www.agriaffaires.us/used/farm-tractors/40074909/case-ih-puma-210.html,//d22dk94hfc1k6q.cloudfront.net/none/220-160/318385/40074909/40074909_1610252143_47.jpg,Case IH PUMA 210
sale,"{'cat1_name': 'Farming', 'cat1_id': 'Farming', 'cat2_name': 'Tractor', 'cat2_id': 'Tractor', 'cat3_name': 'Farm Tractor', 'cat3_id': 'Farm Tractor'}",{'desc': ''},https://www.agriaffaires.us/new/farm-tractors/40074974/kubota-m6-141.html,//d22dk94hfc1k6q.cloudfront.net/none/220-160/318385/40074974/40074974_1610252190_971.jpg,Kubota M6-141
sale,"{'cat1_name': 'Farming', 'cat1_id': 'Farming', 'cat2_name': 'Tractor', 'cat2_id': 'Tractor', 'cat3_name': 'Farm Tractor', 'cat3_id': 'Farm Tractor'}",{'desc': ''},https://www.agriaffaires.us/new/farm-tractors/40075030/new-holland-powerstar-75.html,//d22dk94hfc1k6q.cloudfront.net/none/220-160/318385/40075030/40075030_1610252267_470.jpg,New Holland POWERSTAR 75
sale,"{'cat1_name': 'Farming', 'cat1_id': 'Farming', 'cat2_name': 'Tractor', 'cat2_id': 'Tractor', 'cat3_name': 'Farm Tractor', 'cat3_id': 'Farm Tractor'}",{'desc': ''},https://www.agriaffaires.us/new/farm-tractors/40075123/case-ih-farmall-110a.html,//d22dk94hfc1k6q.cloudfront.net/none/220-160/318385/40075123/40075123_1610345509_303.jpg,Case IH FARMALL 110A
sale,"{'cat1_name': 'Farming', 'cat1_id': 'Farming', 'cat2_name': 'Tractor', 'cat2_id': 'Tractor', 'cat3_name': 'Farm Tractor', 'cat3_id': 'Farm Tractor'}",{'desc': ''},https://www.agriaffaires.us/new/farm-tractors/40075133/new-holland-boomer-35.html,//d22dk94hfc1k6q.cloudfront.net/none/220-160/318385/40075133/40075133_1610252394_937.jpg,New Holland BOOMER 35
sale,"{'cat1_name': 'Farming', 'cat1_id': 'Farming', 'cat2_name': 'Tractor', 'cat2_id': 'Tractor', 'cat3_name': 'Farm Tractor', 'cat3_id': 'Farm Tractor'}",{'desc': ''},https://www.agriaffaires.us/new/farm-tractors/40075144/new-holland-t7-245.html,//d22dk94hfc1k6q.cloudfront.net/none/220-160/318385/40075144/40075144_1610252416_856.jpg,New Holland T7.245
sale,"{'cat1_name': 'Farming', 'cat1_id': 'Farming', 'cat2_name': 'Tractor', 'cat2_id': 'Tractor', 'cat3_name': 'Farm Tractor', 'cat3_id': 'Farm Tractor'}",{'desc': ''},https://www.agriaffaires.us/new/farm-tractors/40075149/kubota-bx2380.html,//d22dk94hfc1k6q.cloudfront.net/none/220-160/318385/40075149/40075149_1610252420_303.jpg,Kubota BX2380
sale,"{'cat1_name': 'Farming', 'cat1_id': 'Farming', 'cat2_name': 'Tractor', 'cat2_id': 'Tractor', 'cat3_name': 'Farm Tractor', 'cat3_id': 'Farm Tractor'}",{'desc': ''},https://www.agriaffaires.us/new/farm-tractors/40075263/case-ih-t7-230.html,,Case IH T7.230
sale,"{'cat1_name': 'Farming', 'cat1_id': 'Farming', 'cat2_name': 'Tractor', 'cat2_id': 'Tractor', 'cat3_name': 'Farm Tractor', 'cat3_id': 'Farm Tractor'}",{'desc': ''},https://www.agriaffaires.us/new/farm-tractors/40075309/case-ih-maxxum-125.html,//d22dk94hfc1k6q.cloudfront.net/none/220-160/318385/40075309/40075309_1610252583_461.jpg,Case IH MAXXUM 125
sale,"{'cat1_name': 'Farming', 'cat1_id': 'Farming', 'cat2_name': 'Tractor', 'cat2_id': 'Tractor', 'cat3_name': 'Farm Tractor', 'cat3_id': 'Farm Tractor'}",{'desc': ''},https://www.agriaffaires.us/new/farm-tractors/40075329/kubota-bx1880.html,//d22dk94hfc1k6q.cloudfront.net/none/220-160/318385/40075329/40075329_1610252614_304.jpg,Kubota BX1880
sale,"{'cat1_name': 'Farming', 'cat1_id': 'Farming', 'cat2_name': 'Tractor', 'cat2_id': 'Tractor', 'cat3_name': 'Farm Tractor', 'cat3_id': 'Farm Tractor'}",{'desc': ''},https://www.agriaffaires.us/used/farm-tractors/40075374/john-deere-2032r.html,//d22dk94hfc1k6q.cloudfront.net/none/220-160/318385/40075374/40075374_1610252652_397.jpg,John Deere 2032R
sale,"{'cat1_name': 'Farming', 'cat1_id': 'Farming', 'cat2_name': 'Tractor', 'cat2_id': 'Tractor', 'cat3_name': 'Farm Tractor', 'cat3_id': 'Farm Tractor'}",{'desc': ''},https://www.agriaffaires.us/used/farm-tractors/40075452/john-deere-9560rt.html,//d22dk94hfc1k6q.cloudfront.net/none/220-160/318385/40075452/40075452_1610252784_888.jpg,John Deere 9560RT
sale,"{'cat1_name': 'Farming', 'cat1_id': 'Farming', 'cat2_name': 'Tractor', 'cat2_id': 'Tractor', 'cat3_name': 'Farm Tractor', 'cat3_id': 'Farm Tractor'}",{'desc': ''},https://www.agriaffaires.us/used/farm-tractors/40075456/case-ih-puma-150.html,//d22dk94hfc1k6q.cloudfront.net/none/220-160/318385/40075456/40075456_1610592763_537.jpg,Case IH PUMA 150
sale,"{'cat1_name': 'Farming', 'cat1_id': 'Farming', 'cat2_name': 'Tractor', 'cat2_id': 'Tractor', 'cat3_name': 'Farm Tractor', 'cat3_id': 'Farm Tractor'}",{'desc': ''},https://www.agriaffaires.us/used/farm-tractors/40075463/new-holland-t8-390.html,//d22dk94hfc1k6q.cloudfront.net/none/220-160/318385/40075463/40075463_1610252812_589.jpg,New Holland T8.390
sale,"{'cat1_name': 'Farming', 'cat1_id': 'Farming', 'cat2_name': 'Tractor', 'cat2_id': 'Tractor', 'cat3_name': 'Farm Tractor', 'cat3_id': 'Farm Tractor'}",{'desc': ''},https://www.agriaffaires.us/new/farm-tractors/40075580/case-ih-maxxum-135.html,//d22dk94hfc1k6q.cloudfront.net/none/220-160/318385/40075580/40075580_1610252954_663.jpg,Case IH MAXXUM 135
sale,"{'cat1_name': 'Farming', 'cat1_id': 'Farming', 'cat2_name': 'Tractor', 'cat2_id': 'Tractor', 'cat3_name': 'Farm Tractor', 'cat3_id': 'Farm Tractor'}",{'desc': ''},https://www.agriaffaires.us/used/farm-tractors/40075665/case-ih-puma-150.html,//d22dk94hfc1k6q.cloudfront.net/none/220-160/318385/40075665/40075665_1610253024_328.jpg,Case IH PUMA 150
sale,"{'cat1_name': 'Farming', 'cat1_id': 'Farming', 'cat2_name': 'Tractor', 'cat2_id': 'Tractor', 'cat3_name': 'Farm Tractor', 'cat3_id': 'Farm Tractor'}",{'desc': ''},https://www.agriaffaires.us/used/farm-tractors/40075662/case-ih-puma-185.html,//d22dk94hfc1k6q.cloudfront.net/none/220-160/318385/40075662/40075662_1610253016_753.jpg,Case IH PUMA 185
sale,"{'cat1_name': 'Farming', 'cat1_id': 'Farming', 'cat2_name': 'Tractor', 'cat2_id': 'Tractor', 'cat3_name': 'Farm Tractor', 'cat3_id': 'Farm Tractor'}",{'desc': ''},https://www.agriaffaires.us/new/farm-tractors/40075670/kubota-bx2380.html,//d22dk94hfc1k6q.cloudfront.net/none/220-160/318385/40075670/40075670_1610253026_55.jpg,Kubota BX2380
sale,"{'cat1_name': 'Farming', 'cat1_id': 'Farming', 'cat2_name': 'Tractor', 'cat2_id': 'Tractor', 'cat3_name': 'Farm Tractor', 'cat3_id': 'Farm Tractor'}",{'desc': ''},https://www.agriaffaires.us/used/farm-tractors/40075756/case-ih-2145.html,//d22dk94hfc1k6q.cloudfront.net/none/220-160/318385/40075756/40075756_1610253102_596.jpg,Case IH 2145
sale,"{'cat1_name': 'Farming', 'cat1_id': 'Farming', 'cat2_name': 'Tractor', 'cat2_id': 'Tractor', 'cat3_name': 'Farm Tractor', 'cat3_id': 'Farm Tractor'}",{'desc': ''},https://www.agriaffaires.us/used/farm-tractors/40075787/case-ih-magnum-280.html,//d22dk94hfc1k6q.cloudfront.net/none/220-160/318385/40075787/40075787_1610253121_587.jpg,Case IH MAGNUM 280
sale,"{'cat1_name': 'Farming', 'cat1_id': 'Farming', 'cat2_name': 'Tractor', 'cat2_id': 'Tractor', 'cat3_name': 'Farm Tractor', 'cat3_id': 'Farm Tractor'}",{'desc': ''},https://www.agriaffaires.us/used/farm-tractors/40075873/case-ih-steiger-370-hd.html,//d22dk94hfc1k6q.cloudfront.net/none/220-160/318385/40075873/40075873_1610253197_924.jpg,Case IH STEIGER 370 HD
sale,"{'cat1_name': 'Farming', 'cat1_id': 'Farming', 'cat2_name': 'Tractor', 'cat2_id': 'Tractor', 'cat3_name': 'Farm Tractor', 'cat3_id': 'Farm Tractor'}",{'desc': ''},https://www.agriaffaires.us/used/farm-tractors/40075875/john-deere-876.html,//d22dk94hfc1k6q.cloudfront.net/none/220-160/318385/40075875/40075875_1616802703_266.jpg,John Deere 876
sale,"{'cat1_name': 'Farming', 'cat1_id': 'Farming', 'cat2_name': 'Tractor', 'cat2_id': 'Tractor', 'cat3_name': 'Farm Tractor', 'cat3_id': 'Farm Tractor'}",{'desc': ''},https://www.agriaffaires.us/used/farm-tractors/40075882/case-ih-steiger-370-hd.html,//d22dk94hfc1k6q.cloudfront.net/none/220-160/318385/40075882/40075882_1610253208_725.jpg,Case IH STEIGER 370 HD
sale,"{'cat1_name': 'Farming', 'cat1_id': 'Farming', 'cat2_name': 'Tractor', 'cat2_id': 'Tractor', 'cat3_name': 'Farm Tractor', 'cat3_id': 'Farm Tractor'}",{'desc': ''},https://www.agriaffaires.us/used/farm-tractors/40075923/john-deere-6155m.html,//d22dk94hfc1k6q.cloudfront.net/none/220-160/318385/40075923/40075923_1610253247_112.jpg,John Deere 6155M
sale,"{'cat1_name': 'Farming', 'cat1_id': 'Farming', 'cat2_name': 'Tractor', 'cat2_id': 'Tractor', 'cat3_name': 'Farm Tractor', 'cat3_id': 'Farm Tractor'}",{'desc': ''},https://www.agriaffaires.us/new/farm-tractors/40075965/new-holland-boomer-40.html,//d22dk94hfc1k6q.cloudfront.net/none/220-160/318385/40075965/40075965_1610253289_606.jpg,New Holland BOOMER 40
sale,"{'cat1_name': 'Farming', 'cat1_id': 'Farming', 'cat2_name': 'Tractor', 'cat2_id': 'Tractor', 'cat3_name': 'Farm Tractor', 'cat3_id': 'Farm Tractor'}",{'desc': ''},https://www.agriaffaires.us/new/farm-tractors/40076057/new-holland-farmall-55a.html,//d22dk94hfc1k6q.cloudfront.net/none/220-160/318385/40076057/40076057_1610253333_64.jpg,New Holland FARMALL 55A
sale,"{'cat1_name': 'Farming', 'cat1_id': 'Farming', 'cat2_name': 'Tractor', 'cat2_id': 'Tractor', 'cat3_name': 'Farm Tractor', 'cat3_id': 'Farm Tractor'}",{'desc': ''},https://www.agriaffaires.us/new/farm-tractors/40076275/case-ih-lx2610.html,//d22dk94hfc1k6q.cloudfront.net/none/220-160/318385/40076275/40076275_1610253560_583.jpg,Case IH LX2610
sale,"{'cat1_name': 'Farming', 'cat1_id': 'Farming', 'cat2_name': 'Tractor', 'cat2_id': 'Tractor', 'cat3_name': 'Farm Tractor', 'cat3_id': 'Farm Tractor'}",{'desc': ''},https://www.agriaffaires.us/new/farm-tractors/40076325/case-ih-steiger-500-rowtrac.html,//d22dk94hfc1k6q.cloudfront.net/none/220-160/318385/40076325/40076325_1610592900_201.jpg,Case IH STEIGER 500 ROWTRAC
sale,"{'cat1_name': 'Farming', 'cat1_id': 'Farming', 'cat2_name': 'Tractor', 'cat2_id': 'Tractor', 'cat3_name': 'Farm Tractor', 'cat3_id': 'Farm Tractor'}",{'desc': ''},https://www.agriaffaires.us/used/farm-tractors/41051024/case-ih-farmall-110u.html,,Case IH FARMALL 110U
sale,"{'cat1_name': 'Farming', 'cat1_id': 'Farming', 'cat2_name': 'Tractor', 'cat2_id': 'Tractor', 'cat3_name': 'Farm Tractor', 'cat3_id': 'Farm Tractor'}",{'desc': ''},https://www.agriaffaires.us/used/farm-tractors/41048246/john-deere-2755.html,//d22dk94hfc1k6q.cloudfront.net/none/220-160/489905/41048246/41048246_1614297274_38.jpg,John Deere 2755
sale,"{'cat1_name': 'Farming', 'cat1_id': 'Farming', 'cat2_name': 'Tractor', 'cat2_id': 'Tractor', 'cat3_name': 'Farm Tractor', 'cat3_id': 'Farm Tractor'}",{'desc': ''},https://www.agriaffaires.us/used/farm-tractors/41048243/kubota-bx2380.html,//d22dk94hfc1k6q.cloudfront.net/none/220-160/471567/41048243/41048243_1615164494_687.jpg,Kubota BX2380
sale,"{'cat1_name': 'Farming', 'cat1_id': 'Farming', 'cat2_name': 'Tractor', 'cat2_id': 'Tractor', 'cat3_name': 'Farm Tractor', 'cat3_id': 'Farm Tractor'}",{'desc': ''},https://www.agriaffaires.us/used/farm-tractors/41048234/case-ih-puma-150.html,//d22dk94hfc1k6q.cloudfront.net/none/220-160/318385/41048234/41048234_1614904050_486.jpg,Case IH PUMA 150
sale,"{'cat1_name': 'Farming', 'cat1_id': 'Farming', 'cat2_name': 'Tractor', 'cat2_id': 'Tractor', 'cat3_name': 'Farm Tractor', 'cat3_id': 'Farm Tractor'}",{'desc': ''},https://www.agriaffaires.us/used/farm-tractors/41048210/case-ih-mx270.html,//d22dk94hfc1k6q.cloudfront.net/none/220-160/318385/41048210/41048210_1614642716_343.jpg,Case IH MX270
sale,"{'cat1_name': 'Farming', 'cat1_id': 'Farming', 'cat2_name': 'Tractor', 'cat2_id': 'Tractor', 'cat3_name': 'Farm Tractor', 'cat3_id': 'Farm Tractor'}",{'desc': ''},https://www.agriaffaires.us/used/farm-tractors/41048217/case-ih-magnum-240-cvt.html,//d22dk94hfc1k6q.cloudfront.net/none/220-160/318385/41048217/41048217_1614815345_182.jpg,Case IH MAGNUM 240 CVT
sale,"{'cat1_name': 'Farming', 'cat1_id': 'Farming', 'cat2_name': 'Tractor', 'cat2_id': 'Tractor', 'cat3_name': 'Farm Tractor', 'cat3_id': 'Farm Tractor'}",{'desc': ''},https://www.agriaffaires.us/new/farm-tractors/41045455/john-deere-9620r.html,//d22dk94hfc1k6q.cloudfront.net/none/220-160/346565/41045455/41045455_1614210598_758.jpg,John Deere 9620R
sale,"{'cat1_name': 'Farming', 'cat1_id': 'Farming', 'cat2_name': 'Tractor', 'cat2_id': 'Tractor', 'cat3_name': 'Farm Tractor', 'cat3_id': 'Farm Tractor'}",{'desc': ''},https://www.agriaffaires.us/new/farm-tractors/40820352/case-ih-farmall-35c.html,//d22dk94hfc1k6q.cloudfront.net/none/220-160/318385/40820352/40820352_1614210811_895.jpg,Case IH FARMALL 35C
sale,"{'cat1_name': 'Farming', 'cat1_id': 'Farming', 'cat2_name': 'Tractor', 'cat2_id': 'Tractor', 'cat3_name': 'Farm Tractor', 'cat3_id': 'Farm Tractor'}",{'desc': ''},https://www.agriaffaires.us/new/farm-tractors/40925536/case-ih-farmall-75c.html,//d22dk94hfc1k6q.cloudfront.net/none/220-160/318385/40925536/40925536_1614210831_367.jpg,Case IH FARMALL 75C
sale,"{'cat1_name': 'Farming', 'cat1_id': 'Farming', 'cat2_name': 'Tractor', 'cat2_id': 'Tractor', 'cat3_name': 'Farm Tractor', 'cat3_id': 'Farm Tractor'}",{'desc': ''},https://www.agriaffaires.us/used/farm-tractors/41045528/john-deere-2150.html,//d22dk94hfc1k6q.cloudfront.net/none/220-160/651022/41045528/41045528_1614211593_486.jpg,John Deere 2150
sale,"{'cat1_name': 'Farming', 'cat1_id': 'Farming', 'cat2_name': 'Tractor', 'cat2_id': 'Tractor', 'cat3_name': 'Farm Tractor', 'cat3_id': 'Farm Tractor'}",{'desc': ''},https://www.agriaffaires.us/used/farm-tractors/41045486/case-ih-farmall-120u.html,,Case IH FARMALL 120U
sale,"{'cat1_name': 'Farming', 'cat1_id': 'Farming', 'cat2_name': 'Tractor', 'cat2_id': 'Tractor', 'cat3_name': 'Farm Tractor', 'cat3_id': 'Farm Tractor'}",{'desc': ''},https://www.agriaffaires.us/used/farm-tractors/41045481/case-ih-mx200.html,//d22dk94hfc1k6q.cloudfront.net/none/220-160/318385/41045481/41045481_1614297086_66.jpg,Case IH MX200
sale,"{'cat1_name': 'Farming', 'cat1_id': 'Farming', 'cat2_name': 'Tractor', 'cat2_id': 'Tractor', 'cat3_name': 'Farm Tractor', 'cat3_id': 'Farm Tractor'}",{'desc': ''},https://www.agriaffaires.us/new/farm-tractors/40925481/case-ih-farmall-40c.html,//d22dk94hfc1k6q.cloudfront.net/none/220-160/318385/40925481/40925481_1614124238_660.jpg,Case IH FARMALL 40C
sale,"{'cat1_name': 'Farming', 'cat1_id': 'Farming', 'cat2_name': 'Tractor', 'cat2_id': 'Tractor', 'cat3_name': 'Farm Tractor', 'cat3_id': 'Farm Tractor'}",{'desc': ''},https://www.agriaffaires.us/used/farm-tractors/41040129/case-ih-steiger-400-rowtrac.html,//d22dk94hfc1k6q.cloudfront.net/none/220-160/318385/41040129/41040129_1614297082_820.jpg,Case IH STEIGER 400 ROWTRAC
sale,"{'cat1_name': 'Farming', 'cat1_id': 'Farming', 'cat2_name': 'Tractor', 'cat2_id': 'Tractor', 'cat3_name': 'Farm Tractor', 'cat3_id': 'Farm Tractor'}",{'desc': ''},https://www.agriaffaires.us/used/farm-tractors/41033431/case-ih-puma-180.html,,Case IH PUMA 180
sale,"{'cat1_name': 'Farming', 'cat1_id': 'Farming', 'cat2_name': 'Tractor', 'cat2_id': 'Tractor', 'cat3_name': 'Farm Tractor', 'cat3_id': 'Farm Tractor'}",{'desc': ''},https://www.agriaffaires.us/used/farm-tractors/41033412/caterpillar-ch65.html,//d22dk94hfc1k6q.cloudfront.net/none/220-160/228089/41033412/41033412_1614037577_983.jpg,Caterpillar CH65
sale,"{'cat1_name': 'Farming', 'cat1_id': 'Farming', 'cat2_name': 'Tractor', 'cat2_id': 'Tractor', 'cat3_name': 'Farm Tractor', 'cat3_id': 'Farm Tractor'}",{'desc': ''},https://www.agriaffaires.us/used/farm-tractors/41034241/new-holland-t9-450hd.html,,New Holland T9.450HD
sale,"{'cat1_name': 'Farming', 'cat1_id': 'Farming', 'cat2_name': 'Tractor', 'cat2_id': 'Tractor', 'cat3_name': 'Farm Tractor', 'cat3_id': 'Farm Tractor'}",{'desc': ''},https://www.agriaffaires.us/new/farm-tractors/41033446/fendt-936-vario-gen-6.html,//d22dk94hfc1k6q.cloudfront.net/none/220-160/488957/41033446/41033446_1614038650_166.jpg,Fendt 936 VARIO GEN 6
sale,"{'cat1_name': 'Farming', 'cat1_id': 'Farming', 'cat2_name': 'Tractor', 'cat2_id': 'Tractor', 'cat3_name': 'Farm Tractor', 'cat3_id': 'Farm Tractor'}",{'desc': ''},https://www.agriaffaires.us/used/farm-tractors/41014399/agco-allis-1042.html,//d22dk94hfc1k6q.cloudfront.net/none/220-160/365458/41014399/41014399_1613887440_410.jpg,Agco Allis 1042
sale,"{'cat1_name': 'Farming', 'cat1_id': 'Farming', 'cat2_name': 'Tractor', 'cat2_id': 'Tractor', 'cat3_name': 'Farm Tractor', 'cat3_id': 'Farm Tractor'}",{'desc': ''},https://www.agriaffaires.us/used/farm-tractors/41014274/case-ih-puma-165.html,,Case IH PUMA 165
sale,"{'cat1_name': 'Farming', 'cat1_id': 'Farming', 'cat2_name': 'Tractor', 'cat2_id': 'Tractor', 'cat3_name': 'Farm Tractor', 'cat3_id': 'Farm Tractor'}",{'desc': ''},https://www.agriaffaires.us/new/farm-tractors/41012808/john-deere-9520r.html,//d22dk94hfc1k6q.cloudfront.net/none/220-160/346565/41012808/41012808_1613779147_281.jpg,John Deere 9520R
sale,"{'cat1_name': 'Farming', 'cat1_id': 'Farming', 'cat2_name': 'Tractor', 'cat2_id': 'Tractor', 'cat3_name': 'Farm Tractor', 'cat3_id': 'Farm Tractor'}",{'desc': ''},https://www.agriaffaires.us/used/farm-tractors/41013130/john-deere-8770.html,,John Deere 8770
sale,"{'cat1_name': 'Farming', 'cat1_id': 'Farming', 'cat2_name': 'Tractor', 'cat2_id': 'Tractor', 'cat3_name': 'Farm Tractor', 'cat3_id': 'Farm Tractor'}",{'desc': ''},https://www.agriaffaires.us/used/farm-tractors/41012842/new-holland-8670.html,//d22dk94hfc1k6q.cloudfront.net/none/220-160/318385/41012842/41012842_1613865165_188.jpg,New Holland 8670
sale,"{'cat1_name': 'Farming', 'cat1_id': 'Farming', 'cat2_name': 'Tractor', 'cat2_id': 'Tractor', 'cat3_name': 'Farm Tractor', 'cat3_id': 'Farm Tractor'}",{'desc': ''},https://www.agriaffaires.us/used/farm-tractors/41012834/kubota-l4610.html,//d22dk94hfc1k6q.cloudfront.net/none/220-160/318385/41012834/41012834_1615333699_229.jpg,Kubota L4610
sale,"{'cat1_name': 'Farming', 'cat1_id': 'Farming', 'cat2_name': 'Tractor', 'cat2_id': 'Tractor', 'cat3_name': 'Farm Tractor', 'cat3_id': 'Farm Tractor'}",{'desc': ''},https://www.agriaffaires.us/used/farm-tractors/40994868/agco-allis-mt765d.html,,Agco Allis MT765D
sale,"{'cat1_name': 'Farming', 'cat1_id': 'Farming', 'cat2_name': 'Tractor', 'cat2_id': 'Tractor', 'cat3_name': 'Farm Tractor', 'cat3_id': 'Farm Tractor'}",{'desc': ''},https://www.agriaffaires.us/used/farm-tractors/40994870/agco-allis-mt855e.html,,Agco Allis MT855E
sale,"{'cat1_name': 'Farming', 'cat1_id': 'Farming', 'cat2_name': 'Tractor', 'cat2_id': 'Tractor', 'cat3_name': 'Farm Tractor', 'cat3_id': 'Farm Tractor'}",{'desc': ''},https://www.agriaffaires.us/used/farm-tractors/40994609/kubota-l3901hst.html,//d22dk94hfc1k6q.cloudfront.net/none/220-160/489905/40994609/40994609_1613692920_330.jpg,Kubota L3901HST
sale,"{'cat1_name': 'Farming', 'cat1_id': 'Farming', 'cat2_name': 'Tractor', 'cat2_id': 'Tractor', 'cat3_name': 'Farm Tractor', 'cat3_id': 'Farm Tractor'}",{'desc': ''},https://www.agriaffaires.us/new/farm-tractors/40994534/john-deere-9620r.html,//d22dk94hfc1k6q.cloudfront.net/none/220-160/346565/40994534/40994534_1613692241_279.jpg,John Deere 9620R
sale,"{'cat1_name': 'Farming', 'cat1_id': 'Farming', 'cat2_name': 'Tractor', 'cat2_id': 'Tractor', 'cat3_name': 'Farm Tractor', 'cat3_id': 'Farm Tractor'}",{'desc': ''},https://www.agriaffaires.us/used/farm-tractors/40994562/case-ih-farmall-90c.html,,Case IH FARMALL 90C
sale,"{'cat1_name': 'Farming', 'cat1_id': 'Farming', 'cat2_name': 'Tractor', 'cat2_id': 'Tractor', 'cat3_name': 'Farm Tractor', 'cat3_id': 'Farm Tractor'}",{'desc': ''},https://www.agriaffaires.us/used/farm-tractors/40994576/case-ih-9250.html,,Case IH 9250
sale,"{'cat1_name': 'Farming', 'cat1_id': 'Farming', 'cat2_name': 'Tractor', 'cat2_id': 'Tractor', 'cat3_name': 'Farm Tractor', 'cat3_id': 'Farm Tractor'}",{'desc': ''},https://www.agriaffaires.us/used/farm-tractors/40994591/case-ih-steiger-500-quadtrac.html,//d22dk94hfc1k6q.cloudfront.net/none/220-160/318385/40994591/40994591_1614038087_378.jpg,Case IH STEIGER 500 QUADTRAC
sale,"{'cat1_name': 'Farming', 'cat1_id': 'Farming', 'cat2_name': 'Tractor', 'cat2_id': 'Tractor', 'cat3_name': 'Farm Tractor', 'cat3_id': 'Farm Tractor'}",{'desc': ''},https://www.agriaffaires.us/used/farm-tractors/40994585/case-ih-585.html,//d22dk94hfc1k6q.cloudfront.net/none/220-160/318385/40994585/40994585_1614815336_500.jpg,Case IH 585
sale,"{'cat1_name': 'Farming', 'cat1_id': 'Farming', 'cat2_name': 'Tractor', 'cat2_id': 'Tractor', 'cat3_name': 'Farm Tractor', 'cat3_id': 'Farm Tractor'}",{'desc': ''},https://www.agriaffaires.us/used/farm-tractors/40991904/case-ih-magnum-315.html,,Case IH MAGNUM 315
sale,"{'cat1_name': 'Farming', 'cat1_id': 'Farming', 'cat2_name': 'Tractor', 'cat2_id': 'Tractor', 'cat3_name': 'Farm Tractor', 'cat3_id': 'Farm Tractor'}",{'desc': ''},https://www.agriaffaires.us/used/farm-tractors/40991898/john-deere-7710.html,//d22dk94hfc1k6q.cloudfront.net/none/220-160/318385/40991898/40991898_1613692558_875.jpg,John Deere 7710
sale,"{'cat1_name': 'Farming', 'cat1_id': 'Farming', 'cat2_name': 'Tractor', 'cat2_id': 'Tractor', 'cat3_name': 'Farm Tractor', 'cat3_id': 'Farm Tractor'}",{'desc': ''},https://www.agriaffaires.us/used/farm-tractors/40991895/case-ih-mxm130.html,//d22dk94hfc1k6q.cloudfront.net/none/220-160/318385/40991895/40991895_1615420570_782.jpg,Case IH MXM130
sale,"{'cat1_name': 'Farming', 'cat1_id': 'Farming', 'cat2_name': 'Tractor', 'cat2_id': 'Tractor', 'cat3_name': 'Farm Tractor', 'cat3_id': 'Farm Tractor'}",{'desc': ''},https://www.agriaffaires.us/used/farm-tractors/40988708/case-ih-farmall-75c.html,,Case IH FARMALL 75C
sale,"{'cat1_name': 'Farming', 'cat1_id': 'Farming', 'cat2_name': 'Tractor', 'cat2_id': 'Tractor', 'cat3_name': 'Farm Tractor', 'cat3_id': 'Farm Tractor'}",{'desc': ''},https://www.agriaffaires.us/used/farm-tractors/40988699/new-holland-t4-75.html,,New Holland T4.75
sale,"{'cat1_name': 'Farming', 'cat1_id': 'Farming', 'cat2_name': 'Tractor', 'cat2_id': 'Tractor', 'cat3_name': 'Farm Tractor', 'cat3_id': 'Farm Tractor'}",{'desc': ''},https://www.agriaffaires.us/new/farm-tractors/40988712/fendt-942-vario-gen-6.html,//d22dk94hfc1k6q.cloudfront.net/none/220-160/488957/40988712/40988712_1613520464_791.jpg,Fendt 942 VARIO GEN 6
sale,"{'cat1_name': 'Farming', 'cat1_id': 'Farming', 'cat2_name': 'Tractor', 'cat2_id': 'Tractor', 'cat3_name': 'Farm Tractor', 'cat3_id': 'Farm Tractor'}",{'desc': ''},https://www.agriaffaires.us/new/farm-tractors/40988711/fendt-828-vario.html,//d22dk94hfc1k6q.cloudfront.net/none/220-160/488957/40988711/40988711_1613520459_541.jpg,Fendt 828 VARIO
sale,"{'cat1_name': 'Farming', 'cat1_id': 'Farming', 'cat2_name': 'Tractor', 'cat2_id': 'Tractor', 'cat3_name': 'Farm Tractor', 'cat3_id': 'Farm Tractor'}",{'desc': ''},https://www.agriaffaires.us/used/farm-tractors/40956141/case-ih-7130.html,,Case IH 7130
sale,"{'cat1_name': 'Farming', 'cat1_id': 'Farming', 'cat2_name': 'Tractor', 'cat2_id': 'Tractor', 'cat3_name': 'Farm Tractor', 'cat3_id': 'Farm Tractor'}",{'desc': ''},https://www.agriaffaires.us/used/farm-tractors/40956151/case-ih-farmall-50c.html,//d22dk94hfc1k6q.cloudfront.net/none/220-160/318385/40956151/40956151_1613605984_291.jpg,Case IH FARMALL 50C
sale,"{'cat1_name': 'Farming', 'cat1_id': 'Farming', 'cat2_name': 'Tractor', 'cat2_id': 'Tractor', 'cat3_name': 'Farm Tractor', 'cat3_id': 'Farm Tractor'}",{'desc': ''},https://www.agriaffaires.us/used/farm-tractors/40952991/case-ih-magnum-380-rowtrac-cvt.html,,Case IH MAGNUM 380 ROWTRAC CVT
sale,"{'cat1_name': 'Farming', 'cat1_id': 'Farming', 'cat2_name': 'Tractor', 'cat2_id': 'Tractor', 'cat3_name': 'Farm Tractor', 'cat3_id': 'Farm Tractor'}",{'desc': ''},https://www.agriaffaires.us/used/farm-tractors/40937363/john-deere-750.html,//d22dk94hfc1k6q.cloudfront.net/none/220-160/471567/40937363/40937363_1615164455_413.jpg,John Deere 750
